Te-no_0051.jpg,0
Tr-no_1010 2.jpg,0
y369.jpg,1
Tr-no_1055 2.jpg,0
Tr-no_1484 2.jpg,0
Tr-no_0798.jpg,0
Tr-no_1486.jpg,0
Tr-no_0940.jpg,0
Tr-no_1492.jpg,0
Tr-no_0954.jpg,0
Tr-no_0853 2.jpg,0
Tr-no_0010 2.jpg,0
Tr-no_0484 2.jpg,0
Tr-no_0816 2.jpg,0
Te-no_0045.jpg,0
Tr-no_0055 2.jpg,0
y355.jpg,1
Tr-no_0778 2.jpg,0
y433.jpg,1
y427.jpg,1
Tr-no_0968.jpg,0
Te-no_0079.jpg,0
30 no.jpg,0
y00078 2.jpg,1
y341.jpg,1
Tr-no_1311 2.jpg,0
Te-no_0092.jpg,0
Tr-no_1323.jpg,0
Tr-no_1445.jpg,0
Tr-no_0983.jpg,0
y000613.jpg,1
Tr-no_1354 2.jpg,0
y463 2.jpg,1
Tr-no_0311 2.jpg,0
Tr-no_1451.jpg,0
Tr-no_0997.jpg,0
y000607.jpg,1
Tr-no_0029.jpg,0
y426 2.jpg,1
Tr-no_0354 2.jpg,0
Tr-no_1337.jpg,0
Te-no_0086.jpg,0
Tr-no_0785 2.jpg,0
Tr-no_0479 2.jpg,0
y396.jpg,1
Y92 2.jpg,1
Tr-no_1479.jpg,0
Tr-no_0767.jpg,0
Tr-no_1479 2.jpg,0
Tr-no_0773.jpg,0
y382.jpg,1
Tr-no_0015.jpg,0
Tr-no_0698 2.jpg,0
Tr-no_0249 2.jpg,0
Te-no_0253.jpg,0
Te-no_0247.jpg,0
Tr-no_1249 2.jpg,0
Tr-no_1564 2.jpg,0
Tr-no_1521 2.jpg,0
Tr-no_0564 2.jpg,0
y216 2.jpg,1
y143.jpg,1
Tr-no_0521 2.jpg,0
y253 2.jpg,1
Y6.jpg,1
Tr-no_0559.jpg,0
Tr-no_1121.jpg,0
Te-no_0290.jpg,0
Tr-no_0148 2.jpg,0
Tr-no_0599 2.jpg,0
Te-no_0284.jpg,0
Tr-no_1135.jpg,0
Tr-no_1148 2.jpg,0
Tr-no_0565.jpg,0
24 no 2.jpg,0
Y194.jpg,1
Tr-no_0203.jpg,0
Tr-no_1109.jpg,0
Tr-no_0217.jpg,0
25 no 2.jpg,0
Y180.jpg,1
y117 2.jpg,1
Tr-no_0665 2.jpg,0
Tr-no_0571.jpg,0
y152 2.jpg,1
Tr-no_0620 2.jpg,0
Tr-no_0175 2.jpg,0
y779.jpg,1
Tr-no_0936 2.jpg,0
y293 2.jpg,1
Tr-no_0130 2.jpg,0
Tr-no_1096.jpg,0
Te-no_0327.jpg,0
Tr-no_0388.jpg,0
Tr-no_0973 2.jpg,0
Tr-no_1175 2.jpg,0
Te-no_0333.jpg,0
Tr-no_1082.jpg,0
Tr-no_1130 2.jpg,0
22 no.jpg,0
y745.jpg,1
Tr-no_1289 2.jpg,0
Tr-no_0658 2.jpg,0
y751.jpg,1
Tr-no_0289 2.jpg,0
Tr-no_0274 2.jpg,0
y000565.jpg,1
Tr-no_0231 2.jpg,0
Tr-no_1055.jpg,0
y192 2.jpg,1
y000511 2.jpg,1
Tr-no_1274 2.jpg,0
Tr-no_1041.jpg,0
Tr-no_0439.jpg,0
y000571.jpg,1
Tr-no_1231 2.jpg,0
y000559.jpg,1
Tr-no_0411.jpg,0
y786.jpg,1
y5 2.jpg,1
Tr-no_1559 2.jpg,0
Tr-no_0377.jpg,0
Tr-no_1188 2.jpg,0
Tr-no_1069.jpg,0
Tr-no_0363.jpg,0
Te-noTr_0007.jpg,0
Tr-no_0188 2.jpg,0
y792.jpg,1
Tr-no_0559 2.jpg,0
Tr-no_0405.jpg,0
Te-no_0125.jpg,0
Tr-no_1294.jpg,0
Tr-no_1369 2.jpg,0
y00070.jpg,1
Tr-no_0834.jpg,0
Tr-no_0820.jpg,0
Tr-no_0369 2.jpg,0
y209.jpg,1
Tr-no_1280.jpg,0
Te-no_0131.jpg,0
y84.jpg,1
Tr-no_0401 2.jpg,0
y221.jpg,1
y373 2.jpg,1
Te-no_0119.jpg,0
Tr-no_0893 2.jpg,0
Tr-no_0808.jpg,0
Tr-no_0444 2.jpg,0
y336 2.jpg,1
Tr-no_0095 2.jpg,0
Tr-no_1401 2.jpg,0
Tr-no_1095 2.jpg,0
Y90.jpg,1
Tr-no_1444 2.jpg,0
y235.jpg,1
Tr-no_1257.jpg,0
Tr-no_1068 2.jpg,0
Tr-no_0149.jpg,0
41 no.jpg,0
Tr-no_1531.jpg,0
Y17 2.jpg,1
Tr-no_0068 2.jpg,0
Tr-no_1525.jpg,0
Tr-no_1243.jpg,0
Y52 2.jpg,1
Tr-no_0175.jpg,0
Tr-no_0700 2.jpg,0
y47.jpg,1
Tr-no_0394 2.jpg,0
Tr-no_0613.jpg,0
Tr-no_0745 2.jpg,0
Tr-no_0607.jpg,0
Tr-no_1519.jpg,0
Y53.jpg,1
Tr-no_0161.jpg,0
Tr-no_1394 2.jpg,0
Tr-no_1538 2.jpg,0
Tr-no_1518.jpg,0
Tr-no_0606.jpg,0
Tr-no_0160.jpg,0
Y52.jpg,1
14 no.jpg,0
Y46.jpg,1
Tr-no_0174.jpg,0
Tr-no_0538 2.jpg,0
Tr-no_0612.jpg,0
Tr-no_1524.jpg,0
Tr-no_0250 2.jpg,0
Tr-no_0681 2.jpg,0
Tr-no_0215 2.jpg,0
Tr-no_1242.jpg,0
Tr-no_0148.jpg,0
Tr-no_1256.jpg,0
Tr-no_1250 2.jpg,0
Tr-no_1530.jpg,0
Tr-no_1215 2.jpg,0
y234.jpg,1
Y91.jpg,1
Tr-no_0639 2.jpg,0
Te-no_0118.jpg,0
y220.jpg,1
y85.jpg,1
Tr-no_0809.jpg,0
Tr-no_0580 2.jpg,0
Tr-no_0151 2.jpg,0
Tr-no_0912 2.jpg,0
Tr-no_0821.jpg,0
Tr-no_1281.jpg,0
Te-no_0130.jpg,0
y208.jpg,1
Tr-no_0114 2.jpg,0
Tr-no_0957 2.jpg,0
Tr-no_1151 2.jpg,0
Te-no_0124.jpg,0
Tr-no_1295.jpg,0
Tr-no_1580 2.jpg,0
no 10.jpg,0
Tr-no_1114 2.jpg,0
Tr-no_0835.jpg,0
Te-noTr_0006.jpg,0
y487 2.jpg,1
Tr-no_0724 2.jpg,0
Tr-no_0362.jpg,0
Tr-no_0404.jpg,0
Tr-no_0761 2.jpg,0
y793.jpg,1
y787.jpg,1
Tr-no_0410.jpg,0
y000558.jpg,1
y00061 2.jpg,1
Tr-no_1068.jpg,0
Tr-no_0376.jpg,0
y00024 2.jpg,1
Tr-no_1040.jpg,0
y000570.jpg,1
Tr-no_0438.jpg,0
Tr-no_1009 2.jpg,0
y000564.jpg,1
Y33 2.jpg,1
Y76 2.jpg,1
Tr-no_1054.jpg,0
y357 2.jpg,1
Tr-no_0425 2.jpg,0
y750.jpg,1
y312 2.jpg,1
Tr-no_0460 2.jpg,0
y744.jpg,1
Tr-no_1425 2.jpg,0
Tr-no_1460 2.jpg,0
Te-no_0332.jpg,0
Tr-no_1083.jpg,0
Tr-no_1308 2.jpg,0
y778.jpg,1
Tr-no_0389.jpg,0
Tr-no_1097.jpg,0
Te-no_0326.jpg,0
Tr-no_0308 2.jpg,0
Y181.jpg,1
Tr-no_0216.jpg,0
Tr-no_1108.jpg,0
Tr-no_0570.jpg,0
Tr-no_0418 2.jpg,0
Tr-no_0564.jpg,0
Tr-no_0202.jpg,0
Tr-no_1418 2.jpg,0
Te-no_0285.jpg,0
Tr-no_1134.jpg,0
Tr-no_1335 2.jpg,0
2 no 2.jpg,0
Tr-no_1370 2.jpg,0
Tr-no_0335 2.jpg,0
y447 2.jpg,1
Tr-no_0558.jpg,0
Tr-no_0370 2.jpg,0
y402 2.jpg,1
3 no 2.jpg,0
Tr-no_1120.jpg,0
Te-no_0291.jpg,0
y142.jpg,1
Tr-no_0719 2.jpg,0
Y7.jpg,1
Tr-no_1034 2.jpg,0
Te-no_0246.jpg,0
Tr-no_1071 2.jpg,0
Tr-noTr_0006 2.jpg,0
y397 2.jpg,1
Tr-no_0877 2.jpg,0
Tr-no_0034 2.jpg,0
Te-no_0252.jpg,0
Tr-no_0832 2.jpg,0
Tr-no_0071 2.jpg,0
Tr-no_0772.jpg,0
Tr-no_1290 2.jpg,0
Tr-no_0014.jpg,0
y383.jpg,1
y397.jpg,1
Tr-no_0290 2.jpg,0
Tr-no_0641 2.jpg,0
y133 2.jpg,1
Tr-no_0766.jpg,0
Tr-no_1478.jpg,0
Tr-no_0604 2.jpg,0
y176 2.jpg,1
y000606.jpg,1
Tr-no_0996.jpg,0
Tr-no_0129 2.jpg,0
Tr-no_1450.jpg,0
Tr-no_1336.jpg,0
Te-no_0087.jpg,0
Tr-no_0028.jpg,0
Te-no_0093.jpg,0
Tr-no_1322.jpg,0
Tr-no_1129 2.jpg,0
y000612.jpg,1
18 no.jpg,0
Tr-no_0982.jpg,0
Tr-no_1444.jpg,0
Tr-no_0969.jpg,0
Tr-no_1191 2.jpg,0
Tr-no_1540 2.jpg,0
y426.jpg,1
y340.jpg,1
Tr-no_1505 2.jpg,0
Te-no_0078.jpg,0
y232 2.jpg,1
Tr-no_0540 2.jpg,0
y354.jpg,1
Tr-no_0191 2.jpg,0
y277 2.jpg,1
Tr-no_0505 2.jpg,0
y432.jpg,1
Tr-no_0997 2.jpg,0
y000508 2.jpg,1
Tr-no_0955.jpg,0
Tr-no_1493.jpg,0
Tr-no_0228 2.jpg,0
Te-no_0044.jpg,0
Tr-no_1228 2.jpg,0
y368.jpg,1
Te-no_0050.jpg,0
Tr-no_0941.jpg,0
Tr-no_1487.jpg,0
Tr-no_0799.jpg,0
Tr-no_1036 2.jpg,0
Te-no_0046.jpg,0
Tr-no_1491.jpg,0
Tr-no_1073 2.jpg,0
Tr-no_0957.jpg,0
Tr-noTr_0004 2.jpg,0
y418.jpg,1
y395 2.jpg,1
Tr-no_0875 2.jpg,0
y49 2.jpg,1
Tr-no_1485.jpg,0
Tr-no_0036 2.jpg,0
Tr-no_0943.jpg,0
Te-no_0052.jpg,0
Tr-no_0830 2.jpg,0
Tr-no_0073 2.jpg,0
y342.jpg,1
y424.jpg,1
y430.jpg,1
y356.jpg,1
Te-no_0085.jpg,0
Tr-no_1334.jpg,0
Tr-no_1337 2.jpg,0
Tr-no_1452.jpg,0
Tr-no_1372 2.jpg,0
Tr-no_0994.jpg,0
y000604.jpg,1
y445 2.jpg,1
Tr-no_1446.jpg,0
Tr-no_0337 2.jpg,0
Tr-no_0980.jpg,0
Tr-no_0758.jpg,0
y000610.jpg,1
y400 2.jpg,1
Tr-no_0372 2.jpg,0
Tr-no_1320.jpg,0
Te-no_0091.jpg,0
y381.jpg,1
Tr-no_0016.jpg,0
Tr-no_1308.jpg,0
Tr-no_0888 2.jpg,0
y000638.jpg,1
Tr-no_0770.jpg,0
y368 2.jpg,1
Tr-no_0764.jpg,0
y395.jpg,1
y189 2.jpg,1
Te-no_0244.jpg,0
Y168.jpg,1
Te-no_0250.jpg,0
Tr-no_0599.jpg,0
Tr-no_1193 2.jpg,0
y5.jpg,1
Tr-no_1542 2.jpg,0
y140.jpg,1
Tr-no_1507 2.jpg,0
Te-no_0278.jpg,0
Tr-no_0542 2.jpg,0
y230 2.jpg,1
Y154.jpg,1
Tr-no_0193 2.jpg,0
Tr-no_0507 2.jpg,0
y275 2.jpg,1
Tr-no_0995 2.jpg,0
Tr-no_0968 2.jpg,0
y288 2.jpg,1
Tr-no_1136.jpg,0
Te-no_0287.jpg,0
Tr-no_0228.jpg,0
Te-no_0293.jpg,0
Tr-no_1122.jpg,0
Tr-no_0572.jpg,0
Tr-no_1292 2.jpg,0
Tr-no_0214.jpg,0
Y183.jpg,1
y197.jpg,1
Tr-no_0292 2.jpg,0
y131 2.jpg,1
Tr-no_0643 2.jpg,0
Tr-no_0200.jpg,0
Tr-no_0566.jpg,0
y174 2.jpg,1
Tr-no_0606 2.jpg,0
Tr-no_0582 2.jpg,0
Tr-no_0153 2.jpg,0
Tr-no_0910 2.jpg,0
Tr-no_1081.jpg,0
Te-no_0330.jpg,0
Tr-no_0116 2.jpg,0
Tr-no_0955 2.jpg,0
Tr-no_1153 2.jpg,0
Te-no_0324.jpg,0
Tr-no_1095.jpg,0
Tr-no_1582 2.jpg,0
Tr-no_1116 2.jpg,0
y752.jpg,1
y149 2.jpg,1
Te-no_0318.jpg,0
y746.jpg,1
y000599.jpg,1
y000572.jpg,1
Tr-no_0252 2.jpg,0
Tr-no_0683 2.jpg,0
Tr-no_0217 2.jpg,0
Tr-no_1042.jpg,0
Tr-no_0348.jpg,0
Tr-no_1056.jpg,0
Tr-no_1252 2.jpg,0
1 no.jpg,0
y000566.jpg,1
Tr-no_1217 2.jpg,0
y791.jpg,1
Tr-no_0406.jpg,0
Tr-no_0360.jpg,0
Te-noTr_0004.jpg,0
Tr-no_0374.jpg,0
y248 2.jpg,1
Tr-no_0412.jpg,0
y785.jpg,1
Te-no_0132.jpg,0
Tr-no_1283.jpg,0
Tr-no_0823.jpg,0
y00073.jpg,1
Tr-no_0837.jpg,0
Tr-no_0189.jpg,0
Tr-no_1297.jpg,0
Te-no_0126.jpg,0
y478 2.jpg,1
Tr-no_0427 2.jpg,0
y355 2.jpg,1
y93.jpg,1
y89 2.jpg,1
y236.jpg,1
Tr-no_0462 2.jpg,0
y310 2.jpg,1
Tr-no_1427 2.jpg,0
y87.jpg,1
y222.jpg,1
Tr-no_1462 2.jpg,0
Tr-no_1240.jpg,0
Tr-no_0638.jpg,0
Tr-no_1526.jpg,0
Y31 2.jpg,1
Tr-no_1532.jpg,0
Y74 2.jpg,1
Y78.jpg,1
Tr-no_0848 2.jpg,0
Tr-no_1254.jpg,0
y50.jpg,1
y485 2.jpg,1
Tr-no_0726 2.jpg,0
Tr-no_0162.jpg,0
Tr-no_0604.jpg,0
Tr-no_0763 2.jpg,0
Tr-no_0610.jpg,0
Tr-no_1268.jpg,0
Tr-no_0176.jpg,0
y00026 2.jpg,1
y44.jpg,1
Tr-no_0611.jpg,0
Y7 2.jpg,1
y45.jpg,1
Tr-no_0177.jpg,0
Tr-no_1269.jpg,0
Tr-no_0163.jpg,0
Y51.jpg,1
y229 2.jpg,1
Tr-no_0605.jpg,0
Tr-no_0276 2.jpg,0
Tr-no_1533.jpg,0
Tr-no_0233 2.jpg,0
Tr-no_1255.jpg,0
y190 2.jpg,1
Y79.jpg,1
Tr-no_1276 2.jpg,0
Tr-no_1241.jpg,0
Tr-no_1527.jpg,0
Tr-no_0639.jpg,0
Tr-no_1233 2.jpg,0
y223.jpg,1
y86.jpg,1
y237.jpg,1
Y92.jpg,1
y128 2.jpg,1
Tr-no_0836.jpg,0
Tr-no_0177 2.jpg,0
Tr-no_0934 2.jpg,0
y291 2.jpg,1
Tr-no_1296.jpg,0
Tr-no_0132 2.jpg,0
Te-no_0127.jpg,0
Tr-no_0971 2.jpg,0
Tr-no_0188.jpg,0
Tr-no_1177 2.jpg,0
Te-no_0133.jpg,0
Tr-no_1282.jpg,0
Tr-no_1132 2.jpg,0
Tr-no_0822.jpg,0
Tr-no_0375.jpg,0
Tr-no_0702 2.jpg,0
Tr-no_0396 2.jpg,0
y784.jpg,1
Tr-no_0747 2.jpg,0
Tr-no_0413.jpg,0
Tr-no_0407.jpg,0
y790.jpg,1
Te-noTr_0005.jpg,0
Tr-no_0361.jpg,0
Tr-no_1396 2.jpg,0
Tr-no_1057.jpg,0
Tr-no_0349.jpg,0
y000567.jpg,1
Y15 2.jpg,1
Tr-no_0829 2.jpg,0
y000573.jpg,1
Tr-no_1043.jpg,0
y50 2.jpg,1
y371 2.jpg,1
Tr-no_0403 2.jpg,0
Te-no_0319.jpg,0
Tr-no_0891 2.jpg,0
y000598.jpg,1
y334 2.jpg,1
Tr-no_0446 2.jpg,0
Tr-no_0097 2.jpg,0
y747.jpg,1
y753.jpg,1
Tr-no_1403 2.jpg,0
Tr-no_1097 2.jpg,0
Tr-no_1446 2.jpg,0
Te-no_0325.jpg,0
Tr-no_1094.jpg,0
8 no 2.jpg,0
y419 2.jpg,1
Tr-no_1080.jpg,0
Te-no_0331.jpg,0
9 no 2.jpg,0
Tr-no_0201.jpg,0
y309 2.jpg,1
y196.jpg,1
Y90 2.jpg,1
Tr-no_0567.jpg,0
Tr-no_0573.jpg,0
Tr-no_0215.jpg,0
Tr-no_1313 2.jpg,0
Te-no_0292.jpg,0
Tr-no_1123.jpg,0
Tr-no_1356 2.jpg,0
Tr-no_0313 2.jpg,0
y461 2.jpg,1
y800.jpg,1
Tr-no_0229.jpg,0
Tr-no_0356 2.jpg,0
y424 2.jpg,1
Tr-no_1137.jpg,0
Te-no_0286.jpg,0
Tr-no_0787 2.jpg,0
10 no 2.jpg,0
11 no 2.jpg,0
Y4.jpg,1
Te-no_0279.jpg,0
y141.jpg,1
Te-no_0251.jpg,0
Tr-no_1012 2.jpg,0
Y169.jpg,1
Tr-no_1057 2.jpg,0
Tr-no_1486 2.jpg,0
Tr-no_0598.jpg,0
Tr-no_0851 2.jpg,0
Tr-no_0012 2.jpg,0
Tr-no_0486 2.jpg,0
Te-no_0245.jpg,0
Tr-no_0814 2.jpg,0
Tr-no_0057 2.jpg,0
Y28 2.jpg,1
Tr-no_0765.jpg,0
y394.jpg,1
Tr-no_1309.jpg,0
Tr-no_0017.jpg,0
y380.jpg,1
Tr-no_0667 2.jpg,0
y115 2.jpg,1
y000102 2.jpg,1
Tr-no_0771.jpg,0
y000639.jpg,1
Tr-no_0622 2.jpg,0
y150 2.jpg,1
y000611.jpg,1
Tr-no_0759.jpg,0
Tr-no_0981.jpg,0
Tr-no_1447.jpg,0
Tr-no_1321.jpg,0
Te-no_0090.jpg,0
Tr-no_0909 2.jpg,0
Te-no_0084.jpg,0
Tr-no_1335.jpg,0
y000605.jpg,1
Tr-no_0995.jpg,0
Tr-no_1453.jpg,0
y431.jpg,1
Tr-no_1566 2.jpg,0
Tr-no_1523 2.jpg,0
y357.jpg,1
y214 2.jpg,1
Tr-no_0566 2.jpg,0
y343.jpg,1
y251 2.jpg,1
Tr-no_0523 2.jpg,0
y425.jpg,1
Tr-no_0942.jpg,0
Tr-no_1484.jpg,0
Te-no_0053.jpg,0
Te-no_0047.jpg,0
y419.jpg,1
Tr-no_0956.jpg,0
Tr-no_1490.jpg,0
y375 2.jpg,1
Tr-no_0407 2.jpg,0
y421.jpg,1
Tr-no_0895 2.jpg,0
y330 2.jpg,1
Tr-no_0442 2.jpg,0
Tr-no_0093 2.jpg,0
y347.jpg,1
y353.jpg,1
Tr-no_1407 2.jpg,0
Tr-no_1093 2.jpg,0
Tr-no_1442 2.jpg,0
y435.jpg,1
Tr-no_0952.jpg,0
Tr-no_1494.jpg,0
Te-no_0043.jpg,0
Te-no_0057.jpg,0
y409.jpg,1
Tr-no_0946.jpg,0
y458 2.jpg,1
Tr-no_1480.jpg,0
no.jpg,0
Tr-no_0775.jpg,0
Tr-no_0706 2.jpg,0
y384.jpg,1
Tr-no_0392 2.jpg,0
Tr-no_0743 2.jpg,0
Tr-no_0013.jpg,0
Tr-no_1319.jpg,0
y390.jpg,1
y000629.jpg,1
Tr-no_0761.jpg,0
Tr-no_1392 2.jpg,0
Tr-no_0991.jpg,0
Tr-no_1457.jpg,0
Tr-no_0749.jpg,0
y000601.jpg,1
Tr-no_1331.jpg,0
Te-no_0080.jpg,0
Y11 2.jpg,1
Te-no_0094.jpg,0
Tr-no_1325.jpg,0
Tr-noTr_0008.jpg,0
Tr-no_0985.jpg,0
Y54 2.jpg,1
Tr-no_1443.jpg,0
y000615.jpg,1
Tr-no_0868 2.jpg,0
y388 2.jpg,1
y145.jpg,1
y0.jpg,1
y169 2.jpg,1
Te-no_0269.jpg,0
y151.jpg,1
Te-no_0241.jpg,0
Tr-no_0173 2.jpg,0
Tr-no_0930 2.jpg,0
y179.jpg,1
y295 2.jpg,1
Tr-no_0136 2.jpg,0
Tr-no_0975 2.jpg,0
Tr-no_0588.jpg,0
Tr-no_1173 2.jpg,0
Tr-no_1136 2.jpg,0
Te-no_0255.jpg,0
Tr-no_0211.jpg,0
Y186.jpg,1
Y3 2.jpg,1
Tr-no_0577.jpg,0
Tr-no_0563.jpg,0
Tr-no_0988 2.jpg,0
y268 2.jpg,1
Tr-no_0205.jpg,0
Tr-no_0272 2.jpg,0
Te-no_0282.jpg,0
Tr-no_1133.jpg,0
Tr-no_0237 2.jpg,0
y194 2.jpg,1
3 no.jpg,0
Tr-no_1272 2.jpg,0
Tr-no_1127.jpg,0
Te-no_0296.jpg,0
Tr-no_0239.jpg,0
Tr-no_1237 2.jpg,0
Te-no_0309.jpg,0
Tr-no_1562 2.jpg,0
y000588.jpg,1
Tr-no_1527 2.jpg,0
y757.jpg,1
y210 2.jpg,1
Tr-no_0562 2.jpg,0
y743.jpg,1
y255 2.jpg,1
Tr-no_0527 2.jpg,0
Te-no_0335.jpg,0
Tr-no_1084.jpg,0
Tr-no_1090.jpg,0
Te-no_0321.jpg,0
Tr-no_0365.jpg,0
Te-noTr_0001.jpg,0
33 no 2.jpg,0
y794.jpg,1
Tr-no_0403.jpg,0
32 no 2.jpg,0
Tr-no_0417.jpg,0
y780.jpg,1
Tr-no_0663 2.jpg,0
y111 2.jpg,1
y000106 2.jpg,1
Tr-no_0371.jpg,0
Tr-no_0626 2.jpg,0
y154 2.jpg,1
Tr-no_0948 2.jpg,0
Tr-no_0359.jpg,0
Tr-no_1047.jpg,0
y000577.jpg,1
y000563.jpg,1
Tr-no_1053.jpg,0
Y96.jpg,1
y498 2.jpg,1
y233.jpg,1
Y82.jpg,1
y227.jpg,1
Tr-no_0826.jpg,0
Tr-no_1016 2.jpg,0
y00062.jpg,1
Tr-no_1053 2.jpg,0
Tr-no_1482 2.jpg,0
Tr-no_0198.jpg,0
Tr-no_1286.jpg,0
Te-no_0137.jpg,0
Te-no_0123.jpg,0
Tr-no_1292.jpg,0
Tr-no_0855 2.jpg,0
Tr-no_0016 2.jpg,0
Y69 2.jpg,1
Tr-no_0482 2.jpg,0
y00076.jpg,1
Tr-no_0810 2.jpg,0
Tr-no_0832.jpg,0
Tr-no_0053 2.jpg,0
Tr-no_0601.jpg,0
Y55.jpg,1
y94 2.jpg,1
y348 2.jpg,1
Tr-no_1279.jpg,0
Tr-no_0167.jpg,0
Tr-no_0173.jpg,0
Y41.jpg,1
Tr-no_0615.jpg,0
Tr-no_1317 2.jpg,0
Tr-no_1523.jpg,0
Tr-no_1245.jpg,0
Tr-no_1352 2.jpg,0
Y69.jpg,1
Tr-no_0317 2.jpg,0
y465 2.jpg,1
Tr-no_1251.jpg,0
Tr-no_0352 2.jpg,0
y420 2.jpg,1
Tr-no_0629.jpg,0
Tr-no_1537.jpg,0
Tr-no_0783 2.jpg,0
Tr-no_1250.jpg,0
Tr-no_0929 2.jpg,0
Tr-no_1536.jpg,0
Tr-no_0628.jpg,0
Tr-no_1522.jpg,0
y68.jpg,1
Tr-no_1244.jpg,0
y40.jpg,1
Tr-no_1296 2.jpg,0
Tr-no_0172.jpg,0
Tr-no_0614.jpg,0
Tr-no_0296 2.jpg,0
Tr-no_0600.jpg,0
y135 2.jpg,1
Tr-no_0647 2.jpg,0
Tr-no_0166.jpg,0
Tr-no_1278.jpg,0
Y54.jpg,1
y170 2.jpg,1
Tr-no_0602 2.jpg,0
Te-no_0122.jpg,0
Tr-no_1293.jpg,0
Tr-no_0833.jpg,0
y00077.jpg,1
Tr-no_0827.jpg,0
Tr-no_1287.jpg,0
Te-no_0136.jpg,0
Tr-no_0199.jpg,0
45 no 2.jpg,0
Tr-no_1197 2.jpg,0
y226.jpg,1
Tr-no_1546 2.jpg,0
y83.jpg,1
Tr-no_1503 2.jpg,0
Tr-no_0546 2.jpg,0
y234 2.jpg,1
Tr-no_0197 2.jpg,0
y232.jpg,1
Tr-no_0503 2.jpg,0
y271 2.jpg,1
y97.jpg,1
Tr-no_0991 2.jpg,0
y000562.jpg,1
Tr-no_1333 2.jpg,0
Tr-no_1052.jpg,0
Tr-no_1376 2.jpg,0
y441 2.jpg,1
Tr-no_1046.jpg,0
Tr-no_0333 2.jpg,0
Tr-no_0358.jpg,0
y404 2.jpg,1
Tr-no_0376 2.jpg,0
y000576.jpg,1
y781.jpg,1
y0009 2.jpg,1
y329 2.jpg,1
Tr-no_0416.jpg,0
Tr-no_0370.jpg,0
Te-noTr_0000.jpg,0
Tr-no_0364.jpg,0
Tr-no_0402.jpg,0
y795.jpg,1
Tr-no_1032 2.jpg,0
Tr-no_1077 2.jpg,0
Tr-no_1091.jpg,0
Te-no_0320.jpg,0
Tr-noTr_0000 2.jpg,0
y391 2.jpg,1
Tr-no_0871 2.jpg,0
Tr-no_0032 2.jpg,0
Te-no_0334.jpg,0
Tr-no_1085.jpg,0
Tr-no_0834 2.jpg,0
Tr-no_0077 2.jpg,0
y742.jpg,1
Te-no_0308.jpg,0
y756.jpg,1
y000589.jpg,1
Tr-no_0238.jpg,0
Tr-no_1126.jpg,0
Te-no_0297.jpg,0
Y35 2.jpg,1
Te-no_0283.jpg,0
Tr-no_1132.jpg,0
Tr-no_0809 2.jpg,0
Y70 2.jpg,1
y481 2.jpg,1
Tr-no_0722 2.jpg,0
Tr-no_0562.jpg,0
Tr-no_0204.jpg,0
Tr-no_0767 2.jpg,0
Y187.jpg,1
Tr-no_0210.jpg,0
Tr-no_0576.jpg,0
y00022 2.jpg,1
Te-no_0254.jpg,0
y178.jpg,1
Te-no_0240.jpg,0
y439 2.jpg,1
Tr-no_0589.jpg,0
Tr-no_0423 2.jpg,0
y351 2.jpg,1
y150.jpg,1
Tr-no_0466 2.jpg,0
y314 2.jpg,1
Te-no_0268.jpg,0
y144.jpg,1
Tr-no_1423 2.jpg,0
Y1.jpg,1
Tr-no_1466 2.jpg,0
Tr-noTr_0009.jpg,0
Te-no_0095.jpg,0
Tr-no_1324.jpg,0
Tr-no_0256 2.jpg,0
Tr-no_0687 2.jpg,0
Tr-no_0213 2.jpg,0
y000614.jpg,1
Tr-no_1442.jpg,0
Tr-no_0984.jpg,0
y000600.jpg,1
Tr-no_0748.jpg,0
Tr-no_1456.jpg,0
Tr-no_0990.jpg,0
Tr-no_1256 2.jpg,0
Tr-no_1330.jpg,0
Te-no_0081.jpg,0
Tr-no_1213 2.jpg,0
y391.jpg,1
Tr-no_1318.jpg,0
Tr-no_0760.jpg,0
y000628.jpg,1
Tr-no_0774.jpg,0
Tr-no_0012.jpg,0
y385.jpg,1
y209 2.jpg,1
Tr-no_0586 2.jpg,0
Tr-no_0157 2.jpg,0
Tr-no_0914 2.jpg,0
Te-no_0056.jpg,0
Tr-no_1481.jpg,0
Tr-no_0947.jpg,0
Tr-no_0112 2.jpg,0
y408.jpg,1
Tr-no_0951 2.jpg,0
Tr-no_1157 2.jpg,0
Tr-no_1495.jpg,0
Tr-no_0953.jpg,0
Tr-no_1586 2.jpg,0
Tr-no_1112 2.jpg,0
Te-no_0042.jpg,0
y352.jpg,1
y434.jpg,1
y420.jpg,1
Y108 2.jpg,1
y346.jpg,1
Tr-no_0979.jpg,0
y353 2.jpg,1
Tr-no_0421 2.jpg,0
y436.jpg,1
y350.jpg,1
y316 2.jpg,1
Tr-no_0464 2.jpg,0
Te-no_0068.jpg,0
y344.jpg,1
Tr-no_1421 2.jpg,0
y422.jpg,1
Tr-no_1464 2.jpg,0
Tr-no_1349 2.jpg,0
Tr-no_0945.jpg,0
Tr-no_1483.jpg,0
Te-no_0054.jpg,0
y378.jpg,1
Tr-no_0798 2.jpg,0
Te-no_0040.jpg,0
Tr-no_0349 2.jpg,0
Tr-no_0789.jpg,0
Tr-no_0951.jpg,0
Tr-no_1497.jpg,0
y483 2.jpg,1
Tr-no_0720 2.jpg,0
Tr-no_0762.jpg,0
Tr-no_0765 2.jpg,0
y393.jpg,1
y387.jpg,1
Tr-no_0010.jpg,0
N16 2.jpg,0
Tr-no_1468.jpg,0
Tr-no_0776.jpg,0
y00020 2.jpg,1
Tr-no_0986.jpg,0
Tr-no_1440.jpg,0
y000616.jpg,1
Tr-no_1499 2.jpg,0
Tr-no_1048 2.jpg,0
43 no.jpg,0
Tr-no_0038.jpg,0
Tr-no_1326.jpg,0
Te-no_0097.jpg,0
Tr-no_0048 2.jpg,0
Y37 2.jpg,1
Te-no_0083.jpg,0
Tr-no_1332.jpg,0
Tr-no_0499 2.jpg,0
y72 2.jpg,1
Tr-no_0992.jpg,0
Tr-no_1454.jpg,0
y000602.jpg,1
20 no.jpg,0
39 no 2.jpg,0
y152.jpg,1
38 no 2.jpg,0
Y3.jpg,1
Tr-no_0678 2.jpg,0
y146.jpg,1
Tr-no_0584 2.jpg,0
Tr-no_0155 2.jpg,0
Tr-no_0916 2.jpg,0
Te-no_0256.jpg,0
Tr-no_0110 2.jpg,0
Tr-no_0953 2.jpg,0
Tr-no_1155 2.jpg,0
Tr-no_1584 2.jpg,0
Tr-no_1110 2.jpg,0
Te-no_0242.jpg,0
y191.jpg,1
Tr-no_1118.jpg,0
Tr-no_0206.jpg,0
Tr-no_0560.jpg,0
Tr-no_1579 2.jpg,0
Tr-no_0574.jpg,0
Tr-no_0212.jpg,0
Y185.jpg,1
Tr-no_0579 2.jpg,0
Te-no_0295.jpg,0
Tr-no_1124.jpg,0
Tr-no_0254 2.jpg,0
Tr-no_0685 2.jpg,0
Tr-no_0211 2.jpg,0
Tr-no_0548.jpg,0
Tr-no_1254 2.jpg,0
Tr-no_1130.jpg,0
Te-no_0281.jpg,0
Tr-no_1211 2.jpg,0
Tr-no_1195 2.jpg,0
Tr-no_1544 2.jpg,0
y740.jpg,1
Tr-no_1501 2.jpg,0
y236 2.jpg,1
Tr-no_0544 2.jpg,0
Tr-no_0195 2.jpg,0
y754.jpg,1
y273 2.jpg,1
Tr-no_0501 2.jpg,0
Tr-no_0993 2.jpg,0
Te-no_0322.jpg,0
Tr-no_1093.jpg,0
Tr-no_0269 2.jpg,0
y768.jpg,1
Tr-no_1087.jpg,0
Te-no_0336.jpg,0
Tr-no_1269 2.jpg,0
Tr-no_0399.jpg,0
Tr-no_1294 2.jpg,0
Tr-no_0372.jpg,0
Tr-no_0414.jpg,0
y783.jpg,1
Tr-no_0294 2.jpg,0
y797.jpg,1
y000548.jpg,1
Tr-no_0400.jpg,0
Tr-no_0645 2.jpg,0
y137 2.jpg,1
Tr-no_0366.jpg,0
Tr-no_1078.jpg,0
Te-noTr_0002.jpg,0
Tr-no_0600 2.jpg,0
y172 2.jpg,1
Tr-no_1050.jpg,0
Tr-no_0168 2.jpg,0
Tr-no_0428.jpg,0
y000560.jpg,1
y000574.jpg,1
Tr-no_1044.jpg,0
Tr-no_1168 2.jpg,0
Tr-no_0758 2.jpg,0
Tr-no_0389 2.jpg,0
Y81.jpg,1
y224.jpg,1
Tr-no_1389 2.jpg,0
Te-no_0108.jpg,0
Y95.jpg,1
y230.jpg,1
32 no.jpg,0
Tr-no_0819.jpg,0
Tr-no_1030 2.jpg,0
Tr-no_0831.jpg,0
Tr-no_1075 2.jpg,0
Tr-no_1291.jpg,0
Te-no_0120.jpg,0
Tr-noTr_0002 2.jpg,0
y218.jpg,1
y393 2.jpg,1
Tr-no_0873 2.jpg,0
Tr-no_0030 2.jpg,0
Te-no_0134.jpg,0
Tr-no_1285.jpg,0
Tr-no_0825.jpg,0
Tr-no_0836 2.jpg,0
y00061.jpg,1
Tr-no_0075 2.jpg,0
Tr-no_0088 2.jpg,0
Tr-no_0616.jpg,0
Tr-no_0459 2.jpg,0
Tr-no_1508.jpg,0
Tr-no_0170.jpg,0
Y42.jpg,1
Tr-no_1459 2.jpg,0
Y56.jpg,1
Tr-no_0164.jpg,0
Tr-no_1088 2.jpg,0
Tr-no_0602.jpg,0
Tr-no_1534.jpg,0
Tr-no_1331 2.jpg,0
Tr-no_1374 2.jpg,0
Tr-no_1252.jpg,0
Tr-no_0331 2.jpg,0
Tr-no_1246.jpg,0
y443 2.jpg,1
Tr-no_0158.jpg,0
Tr-no_0374 2.jpg,0
y406 2.jpg,1
Tr-no_1520.jpg,0
Tr-no_0109 2.jpg,0
Tr-no_0159.jpg,0
Tr-no_1247.jpg,0
Tr-no_1521.jpg,0
Tr-no_1535.jpg,0
Tr-no_1109 2.jpg,0
Tr-no_1253.jpg,0
Tr-no_0165.jpg,0
y57.jpg,1
Tr-no_0603.jpg,0
Tr-no_1509.jpg,0
Tr-no_0617.jpg,0
y113 2.jpg,1
Tr-no_0661 2.jpg,0
y43.jpg,1
y000104 2.jpg,1
Tr-no_0171.jpg,0
y156 2.jpg,1
Tr-no_0624 2.jpg,0
Te-no_0135.jpg,0
Tr-no_1284.jpg,0
Tr-no_0208 2.jpg,0
y00060.jpg,1
Tr-no_0824.jpg,0
Tr-no_1208 2.jpg,0
Tr-no_0830.jpg,0
y00074.jpg,1
y219.jpg,1
Tr-no_1290.jpg,0
Te-no_0121.jpg,0
y231.jpg,1
y94.jpg,1
Te-no_0109.jpg,0
Tr-no_1560 2.jpg,0
Tr-no_0818.jpg,0
Tr-no_1525 2.jpg,0
Tr-no_0560 2.jpg,0
y212 2.jpg,1
Tr-no_0525 2.jpg,0
y257 2.jpg,1
y225.jpg,1
y80.jpg,1
Tr-no_1315 2.jpg,0
y000575.jpg,1
y00081 2.jpg,1
Tr-no_1045.jpg,0
Tr-no_1350 2.jpg,0
y467 2.jpg,1
Tr-no_0315 2.jpg,0
Tr-no_1051.jpg,0
y422 2.jpg,1
Tr-no_0350 2.jpg,0
y000561.jpg,1
Tr-no_0429.jpg,0
Tr-no_0781 2.jpg,0
Tr-no_0401.jpg,0
y000549.jpg,1
y796.jpg,1
Y96 2.jpg,1
Te-noTr_0003.jpg,0
Tr-no_0438 2.jpg,0
Tr-no_1079.jpg,0
Tr-no_0367.jpg,0
Tr-no_0373.jpg,0
Tr-no_1438 2.jpg,0
y782.jpg,1
Tr-no_0415.jpg,0
Tr-no_1014 2.jpg,0
y769.jpg,1
Tr-no_1051 2.jpg,0
Tr-no_1480 2.jpg,0
Tr-no_0398.jpg,0
Tr-no_1086.jpg,0
Te-no_0337.jpg,0
Te-no_0323.jpg,0
Tr-no_1092.jpg,0
Tr-no_0857 2.jpg,0
Tr-no_0014 2.jpg,0
Tr-no_0480 2.jpg,0
Tr-no_0812 2.jpg,0
Tr-no_0051 2.jpg,0
y755.jpg,1
Tr-no_0739 2.jpg,0
y00039 2.jpg,1
y741.jpg,1
Tr-no_0549.jpg,0
Tr-no_1131.jpg,0
Te-no_0280.jpg,0
Tr-no_1029 2.jpg,0
Y13 2.jpg,1
Te-no_0294.jpg,0
Tr-no_1125.jpg,0
Y56 2.jpg,1
Tr-no_0029 2.jpg,0
Tr-no_0575.jpg,0
Tr-no_0704 2.jpg,0
Tr-no_0390 2.jpg,0
Tr-no_0213.jpg,0
Tr-no_0741 2.jpg,0
Tr-no_0207.jpg,0
Tr-no_1119.jpg,0
y00041 2.jpg,1
y190.jpg,1
Tr-no_0561.jpg,0
Tr-no_1390 2.jpg,0
Tr-no_1328 2.jpg,0
Te-no_0243.jpg,0
Te-no_0257.jpg,0
Tr-no_0328 2.jpg,0
Tr-no_0405 2.jpg,0
y377 2.jpg,1
Y2.jpg,1
Tr-no_0897 2.jpg,0
Tr-no_0440 2.jpg,0
y332 2.jpg,1
y147.jpg,1
Tr-no_0091 2.jpg,0
Y153.jpg,1
Tr-no_1405 2.jpg,0
Tr-no_1091 2.jpg,0
Tr-no_1440 2.jpg,0
Tr-no_0270 2.jpg,0
Te-no_0082.jpg,0
Tr-no_1333.jpg,0
y000603.jpg,1
Tr-no_1455.jpg,0
Tr-no_0993.jpg,0
Tr-no_0235 2.jpg,0
y196 2.jpg,1
y000617.jpg,1
Tr-no_1441.jpg,0
Tr-no_0987.jpg,0
Tr-no_1270 2.jpg,0
Tr-no_1327.jpg,0
Te-no_0096.jpg,0
Tr-no_0039.jpg,0
Tr-no_1235 2.jpg,0
Tr-no_0011.jpg,0
Tr-no_1518 2.jpg,0
y386.jpg,1
Y1 2.jpg,1
Tr-no_0777.jpg,0
Tr-no_1469.jpg,0
Tr-no_0763.jpg,0
Tr-no_0518 2.jpg,0
y392.jpg,1
Te-no_0041.jpg,0
Tr-no_0171 2.jpg,0
Tr-no_0932 2.jpg,0
y379.jpg,1
y297 2.jpg,1
Tr-no_0134 2.jpg,0
Tr-no_1496.jpg,0
Tr-no_0950.jpg,0
Tr-no_0788.jpg,0
Tr-no_0977 2.jpg,0
Tr-no_1171 2.jpg,0
Tr-no_1482.jpg,0
Tr-no_0944.jpg,0
Tr-no_1134 2.jpg,0
Te-no_0055.jpg,0
y345.jpg,1
y423.jpg,1
y437.jpg,1
Tr-no_0619 2.jpg,0
Tr-no_0978.jpg,0
Te-no_0069.jpg,0
y351.jpg,1
Tr-no_0923.jpg,0
Te-no_0032.jpg,0
Tr-no_1383.jpg,0
Tr-no_1397.jpg,0
Te-no_0026.jpg,0
Tr-no_0089.jpg,0
y479 2.jpg,1
y478.jpg,1
Tr-no_0937.jpg,0
Tr-no_0463 2.jpg,0
y311 2.jpg,1
y450.jpg,1
Tr-no_0426 2.jpg,0
y354 2.jpg,1
y336.jpg,1
y88 2.jpg,1
y0002.jpg,1
y322.jpg,1
Tr-no_1463 2.jpg,0
Tr-no_1426 2.jpg,0
y444.jpg,1
Tr-no_1426.jpg,0
Tr-no_0738.jpg,0
y000670.jpg,1
Tr-no_1340.jpg,0
Tr-no_0849 2.jpg,0
y75 2.jpg,1
y000102.jpg,1
Tr-no_1354.jpg,0
Tr-no_1432.jpg,0
y000664.jpg,1
Y30 2.jpg,1
Tr-no_0704.jpg,0
y493.jpg,1
Tr-no_0762 2.jpg,0
y484 2.jpg,1
Tr-no_0062.jpg,0
Tr-no_0727 2.jpg,0
Tr-no_0076.jpg,0
N11 2.jpg,0
Tr-no_1368.jpg,0
y00027 2.jpg,1
y487.jpg,1
y00062 2.jpg,1
y000658.jpg,1
Tr-no_0710.jpg,0
Tr-no_1181.jpg,0
Te-no_0230.jpg,0
Tr-no_0954 2.jpg,0
Tr-no_0117 2.jpg,0
Y108.jpg,1
Tr-no_0583 2.jpg,0
Tr-no_0911 2.jpg,0
Tr-no_0152 2.jpg,0
Tr-no_1117 2.jpg,0
Tr-no_1152 2.jpg,0
Tr-no_1583 2.jpg,0
Te-no_0224.jpg,0
Tr-no_1195.jpg,0
y134.jpg,1
Te-no_0218.jpg,0
y148 2.jpg,1
y120.jpg,1
Tr-no_0216 2.jpg,0
Tr-no_1142.jpg,0
Tr-no_0253 2.jpg,0
Tr-no_0682 2.jpg,0
Tr-no_1216 2.jpg,0
Tr-no_1156.jpg,0
Tr-no_0248.jpg,0
Tr-no_1253 2.jpg,0
Tr-no_0260.jpg,0
Tr-no_0506.jpg,0
Tr-no_0512.jpg,0
y249 2.jpg,1
Tr-no_0274.jpg,0
Te-no_0344.jpg,0
y188 2.jpg,1
Tr-no_0499.jpg,0
Te-no_0350.jpg,0
Te-no_0378.jpg,0
Tr-no_1506 2.jpg,0
Tr-no_1192 2.jpg,0
y726.jpg,1
Tr-no_1543 2.jpg,0
y732.jpg,1
Tr-no_0506 2.jpg,0
y274 2.jpg,1
Tr-no_0994 2.jpg,0
Tr-no_0543 2.jpg,0
y231 2.jpg,1
Tr-no_0192 2.jpg,0
Tr-no_0328.jpg,0
Tr-no_1036.jpg,0
Te-no_0387.jpg,0
Tr-no_0969 2.jpg,0
y000506.jpg,1
y289 2.jpg,1
y000512.jpg,1
Te-no_0393.jpg,0
Tr-no_1022.jpg,0
Tr-no_0314.jpg,0
Tr-no_1293 2.jpg,0
Tr-no_0472.jpg,0
Tr-no_0466.jpg,0
y175 2.jpg,1
Tr-no_0607 2.jpg,0
Tr-no_0293 2.jpg,0
Tr-no_0300.jpg,0
y130 2.jpg,1
Tr-no_0642 2.jpg,0
Tr-no_1072 2.jpg,0
Tr-no_0857.jpg,0
Tr-no_1591.jpg,0
y00013.jpg,1
Tr-noTr_0005 2.jpg,0
Tr-no_1037 2.jpg,0
Te-no_0146.jpg,0
Te-no_0152.jpg,0
Tr-no_0072 2.jpg,0
Tr-no_0831 2.jpg,0
y394 2.jpg,1
Tr-no_0843.jpg,0
Tr-no_0037 2.jpg,0
y48 2.jpg,1
Tr-no_1585.jpg,0
Tr-no_0874 2.jpg,0
34 no 2.jpg,0
Tr-no_0894.jpg,0
Tr-no_1552.jpg,0
Tr-no_1373 2.jpg,0
Te-no_0185.jpg,0
Tr-no_1234.jpg,0
y18.jpg,1
Tr-no_1336 2.jpg,0
y401 2.jpg,1
Tr-no_0373 2.jpg,0
Tr-no_1220.jpg,0
Te-no_0191.jpg,0
35 no 2.jpg,0
Tr-no_0658.jpg,0
Tr-no_0880.jpg,0
y444 2.jpg,1
Tr-no_1546.jpg,0
Tr-no_0336 2.jpg,0
Tr-no_0670.jpg,0
Tr-no_0889 2.jpg,0
y369 2.jpg,1
y281.jpg,1
Y24.jpg,1
Tr-no_1208.jpg,0
Tr-no_0116.jpg,0
N15.jpg,0
Tr-no_0102.jpg,0
y295.jpg,1
Y30.jpg,1
Tr-no_0664.jpg,0
no 99.jpg,0
Y31.jpg,1
y294.jpg,1
Tr-no_0103.jpg,0
no 98.jpg,0
Tr-no_0665.jpg,0
y000103 2.jpg,1
Tr-no_0623 2.jpg,0
y151 2.jpg,1
Tr-no_0671.jpg,0
Tr-no_0117.jpg,0
Tr-no_1209.jpg,0
Y25.jpg,1
Tr-no_0666 2.jpg,0
y114 2.jpg,1
y280.jpg,1
Tr-no_1221.jpg,0
Tr-no_0908 2.jpg,0
Te-no_0190.jpg,0
Tr-no_1547.jpg,0
Tr-no_0881.jpg,0
Tr-no_0659.jpg,0
Tr-no_1553.jpg,0
Tr-no_0895.jpg,0
y19.jpg,1
Te-no_0184.jpg,0
Tr-no_1235.jpg,0
Y257.jpg,1
Tr-no_1522 2.jpg,0
Tr-no_1567 2.jpg,0
y250 2.jpg,1
Tr-no_0522 2.jpg,0
y215 2.jpg,1
Tr-no_0567 2.jpg,0
Te-no_0153.jpg,0
Tr-no_1584.jpg,0
Tr-no_0842.jpg,0
y00012.jpg,1
Tr-no_1590.jpg,0
Tr-no_0856.jpg,0
Te-no_0147.jpg,0
Y91 2.jpg,1
Tr-no_0467.jpg,0
Tr-no_0301.jpg,0
y308 2.jpg,1
Tr-no_0315.jpg,0
Tr-no_0473.jpg,0
y000513.jpg,1
Tr-no_1357 2.jpg,0
Te-no_0392.jpg,0
Tr-no_1023.jpg,0
Tr-no_1312 2.jpg,0
Tr-no_1037.jpg,0
Te-no_0386.jpg,0
Tr-no_0357 2.jpg,0
y425 2.jpg,1
Tr-no_0329.jpg,0
Tr-no_0786 2.jpg,0
Tr-no_0312 2.jpg,0
y460 2.jpg,1
y000507.jpg,1
y733.jpg,1
No11.jpg,0
43 no 2.jpg,0
Te-no_0379.jpg,0
y727.jpg,1
42 no 2.jpg,0
Tr-no_1056 2.jpg,0
Tr-no_1487 2.jpg,0
Tr-no_0498.jpg,0
Tr-no_1013 2.jpg,0
Te-no_0351.jpg,0
Tr-no_0487 2.jpg,0
Y29 2.jpg,1
Tr-no_0056 2.jpg,0
Te-no_0345.jpg,0
Tr-no_0815 2.jpg,0
Tr-no_0013 2.jpg,0
Tr-no_0850 2.jpg,0
Tr-no_0397 2.jpg,0
Tr-no_0746 2.jpg,0
Tr-no_0513.jpg,0
Tr-no_0275.jpg,0
Tr-no_0703 2.jpg,0
Tr-no_0261.jpg,0
Tr-no_1397 2.jpg,0
Tr-no_0507.jpg,0
y00046 2.jpg,1
Tr-no_0249.jpg,0
Tr-no_1157.jpg,0
Y51 2.jpg,1
Tr-no_1143.jpg,0
Tr-no_0828 2.jpg,0
Y14 2.jpg,1
y335 2.jpg,1
Tr-no_0447 2.jpg,0
Tr-no_0096 2.jpg,0
y370 2.jpg,1
Tr-no_0402 2.jpg,0
y121.jpg,1
Tr-no_0890 2.jpg,0
Te-no_0219.jpg,0
Tr-no_1096 2.jpg,0
Tr-no_1447 2.jpg,0
y135.jpg,1
Tr-no_1402 2.jpg,0
Te-no_0225.jpg,0
Tr-no_1194.jpg,0
y109.jpg,1
Tr-no_1180.jpg,0
Te-no_0231.jpg,0
y418 2.jpg,1
Tr-no_1369.jpg,0
Tr-no_0077.jpg,0
Tr-no_0711.jpg,0
y000659.jpg,1
Y6 2.jpg,1
y486.jpg,1
y492.jpg,1
Tr-no_0705.jpg,0
y228 2.jpg,1
Tr-no_0063.jpg,0
Tr-no_1355.jpg,0
Tr-no_0232 2.jpg,0
y000103.jpg,1
y000512 2.jpg,1
y191 2.jpg,1
Tr-no_0277 2.jpg,0
y000665.jpg,1
Tr-no_1433.jpg,0
y000671.jpg,1
Tr-no_0739.jpg,0
Tr-no_1427.jpg,0
Tr-no_1232 2.jpg,0
7 no.jpg,0
Tr-no_1341.jpg,0
Tr-no_1277 2.jpg,0
y323.jpg,1
y445.jpg,1
y129 2.jpg,1
y451.jpg,1
y0003.jpg,1
y337.jpg,1
y290 2.jpg,1
Tr-no_0970 2.jpg,0
Tr-no_0088.jpg,0
Tr-no_1396.jpg,0
Tr-no_0133 2.jpg,0
Te-no_0027.jpg,0
Tr-no_0936.jpg,0
Tr-no_0935 2.jpg,0
y479.jpg,1
Tr-no_0176 2.jpg,0
Tr-no_1133 2.jpg,0
Tr-no_0922.jpg,0
Te-no_0033.jpg,0
Tr-no_1176 2.jpg,0
Tr-no_1382.jpg,0
Tr-no_0934.jpg,0
Tr-no_1368 2.jpg,0
Te-no_0025.jpg,0
Tr-no_1394.jpg,0
y309.jpg,1
Tr-no_1380.jpg,0
Te-no_0031.jpg,0
Tr-no_0920.jpg,0
Tr-no_0368 2.jpg,0
Tr-no_0445 2.jpg,0
y337 2.jpg,1
y000698.jpg,1
Tr-no_0908.jpg,0
y447.jpg,1
Tr-no_0094 2.jpg,0
Tr-no_0400 2.jpg,0
y321.jpg,1
y372 2.jpg,1
Tr-no_0892 2.jpg,0
Te-no_0019.jpg,0
Tr-no_1094 2.jpg,0
Tr-no_1445 2.jpg,0
y335.jpg,1
y0001.jpg,1
y453.jpg,1
Tr-no_1400 2.jpg,0
Tr-no_1431.jpg,0
y000667.jpg,1
y000101.jpg,1
Tr-no_0049.jpg,0
Tr-no_1357.jpg,0
Tr-no_1069 2.jpg,0
Y53 2.jpg,1
Tr-no_1343.jpg,0
Tr-no_0069 2.jpg,0
y16 2.jpg,1
Tr-no_1425.jpg,0
y000673.jpg,1
y484.jpg,1
Tr-no_0395 2.jpg,0
Tr-no_0713.jpg,0
Tr-no_0744 2.jpg,0
Tr-no_0075.jpg,0
Tr-no_0701 2.jpg,0
Tr-no_0061.jpg,0
Tr-no_1395 2.jpg,0
Tr-no_1419.jpg,0
Tr-no_0707.jpg,0
y490.jpg,1
y292 2.jpg,1
Tr-no_0288.jpg,0
Tr-no_0972 2.jpg,0
Tr-no_0131 2.jpg,0
Tr-no_1196.jpg,0
Te-no_0227.jpg,0
Tr-no_0937 2.jpg,0
Tr-no_0174 2.jpg,0
Tr-no_1131 2.jpg,0
Te-no_0233.jpg,0
Tr-no_1174 2.jpg,0
Tr-no_1182.jpg,0
Tr-no_1288 2.jpg,0
y123.jpg,1
Tr-no_0659 2.jpg,0
Tr-no_0288 2.jpg,0
y137.jpg,1
Tr-no_1155.jpg,0
Tr-no_0230 2.jpg,0
y000510 2.jpg,1
y193 2.jpg,1
Tr-no_0275 2.jpg,0
Tr-no_0539.jpg,0
Tr-no_1230 2.jpg,0
Tr-no_1141.jpg,0
Tr-no_1275 2.jpg,0
Tr-no_1558 2.jpg,0
Tr-no_1169.jpg,0
Tr-no_1189 2.jpg,0
Tr-no_0277.jpg,0
Tr-no_0511.jpg,0
12 no.jpg,0
Y4 2.jpg,1
Tr-no_0189 2.jpg,0
Tr-no_0505.jpg,0
Tr-no_0558 2.jpg,0
Tr-no_0263.jpg,0
Tr-no_0699 2.jpg,0
Te-no_0353.jpg,0
Tr-no_0248 2.jpg,0
Tr-no_1248 2.jpg,0
y719.jpg,1
Te-no_0347.jpg,0
Tr-no_1520 2.jpg,0
No13.jpg,0
y731.jpg,1
Tr-no_1565 2.jpg,0
Tr-no_0520 2.jpg,0
y252 2.jpg,1
y725.jpg,1
Tr-no_0565 2.jpg,0
y217 2.jpg,1
Tr-no_0149 2.jpg,0
Tr-no_1021.jpg,0
Te-no_0390.jpg,0
Tr-no_0598 2.jpg,0
Tr-no_0459.jpg,0
y000511.jpg,1
y000505.jpg,1
Tr-no_1149 2.jpg,0
Te-no_0384.jpg,0
Tr-no_1035.jpg,0
Tr-no_0303.jpg,0
Tr-no_0465.jpg,0
y000101 2.jpg,1
y153 2.jpg,1
Tr-no_0621 2.jpg,0
y000539.jpg,1
Tr-no_0471.jpg,0
Tr-no_0317.jpg,0
Tr-no_1009.jpg,0
y116 2.jpg,1
Tr-no_0664 2.jpg,0
Tr-no_1054 2.jpg,0
Tr-no_0840.jpg,0
Tr-no_1586.jpg,0
Tr-no_1485 2.jpg,0
Tr-no_0698.jpg,0
Tr-no_1011 2.jpg,0
Te-no_0151.jpg,0
y269.jpg,1
Tr-no_0485 2.jpg,0
Tr-no_0054 2.jpg,0
Tr-no_0817 2.jpg,0
Te-no_0145.jpg,0
Tr-no_0854.jpg,0
Tr-no_1592.jpg,0
Tr-no_0011 2.jpg,0
y00010.jpg,1
Tr-no_0852 2.jpg,0
y00038.jpg,1
Tr-no_0779 2.jpg,0
y00079 2.jpg,1
Te-no_0179.jpg,0
y241.jpg,1
Tr-no_0868.jpg,0
Tr-no_0883.jpg,0
Tr-no_1545.jpg,0
Tr-no_1355 2.jpg,0
Te-no_0192.jpg,0
Tr-no_1223.jpg,0
Tr-no_1310 2.jpg,0
Tr-no_1237.jpg,0
Te-no_0186.jpg,0
y427 2.jpg,1
Tr-no_0355 2.jpg,0
Tr-no_0129.jpg,0
Tr-no_0784 2.jpg,0
y462 2.jpg,1
Tr-no_0310 2.jpg,0
Tr-no_0897.jpg,0
Tr-no_1551.jpg,0
y93 2.jpg,1
Tr-no_0667.jpg,0
Tr-no_1579.jpg,0
Tr-no_0101.jpg,0
y296.jpg,1
44no.jpg,0
Y33.jpg,1
Tr-no_0478 2.jpg,0
y282.jpg,1
Y27.jpg,1
N16.jpg,0
Tr-no_0115.jpg,0
Tr-no_0673.jpg,0
Tr-no_1478 2.jpg,0
N17.jpg,0
Tr-no_0114.jpg,0
Y26.jpg,1
y283.jpg,1
Tr-no_1291 2.jpg,0
Tr-no_0672.jpg,0
Tr-no_1578.jpg,0
Tr-no_0666.jpg,0
Tr-no_0605 2.jpg,0
y177 2.jpg,1
Y32.jpg,1
Tr-no_0291 2.jpg,0
y297.jpg,1
Tr-no_0100.jpg,0
Tr-no_0640 2.jpg,0
y132 2.jpg,1
Tr-no_0128.jpg,0
Tr-no_1236.jpg,0
Te-no_0187.jpg,0
Tr-no_1550.jpg,0
Tr-no_0896.jpg,0
Tr-no_0128 2.jpg,0
Tr-no_1544.jpg,0
Tr-no_0882.jpg,0
Te-no_0193.jpg,0
Tr-no_1222.jpg,0
Tr-no_1128 2.jpg,0
y240.jpg,1
Te-no_0178.jpg,0
Tr-no_1504 2.jpg,0
Tr-no_1190 2.jpg,0
Tr-no_0869.jpg,0
Tr-no_1541 2.jpg,0
y00039.jpg,1
y276 2.jpg,1
Tr-no_0504 2.jpg,0
Tr-no_0996 2.jpg,0
y233 2.jpg,1
Tr-no_0541 2.jpg,0
Tr-no_0190 2.jpg,0
Y254.jpg,1
Te-no_0144.jpg,0
y00011.jpg,1
y000509 2.jpg,1
Tr-no_1593.jpg,0
Tr-no_0229 2.jpg,0
Tr-no_0855.jpg,0
Tr-no_0699.jpg,0
28 no.jpg,0
Tr-no_1587.jpg,0
Tr-no_0841.jpg,0
44no 2.jpg,0
y268.jpg,1
Tr-no_1229 2.jpg,0
Te-no_0150.jpg,0
Tr-no_0470.jpg,0
y000538.jpg,1
Tr-no_0419 2.jpg,0
Tr-no_1008.jpg,0
Tr-no_0316.jpg,0
Tr-no_1419 2.jpg,0
Tr-no_0302.jpg,0
Tr-no_0464.jpg,0
y000504.jpg,1
Tr-no_1371 2.jpg,0
Te-no_0385.jpg,0
Tr-no_1034.jpg,0
Tr-no_1334 2.jpg,0
Tr-no_0371 2.jpg,0
y403 2.jpg,1
Tr-no_1020.jpg,0
Te-no_0391.jpg,0
y000510.jpg,1
Tr-no_0458.jpg,0
Tr-no_0334 2.jpg,0
y446 2.jpg,1
y724.jpg,1
Tr-no_0718 2.jpg,0
36 no.jpg,0
No12.jpg,0
y730.jpg,1
Tr-no_1070 2.jpg,0
y718.jpg,1
Tr-noTr_0007 2.jpg,0
Tr-no_1035 2.jpg,0
Te-no_0346.jpg,0
Te-no_0352.jpg,0
Tr-no_0070 2.jpg,0
Tr-no_0833 2.jpg,0
y396 2.jpg,1
Tr-no_0035 2.jpg,0
Tr-no_0876 2.jpg,0
Tr-no_0504.jpg,0
Tr-no_0760 2.jpg,0
y486 2.jpg,1
Tr-no_0262.jpg,0
49 no 2.jpg,0
Tr-no_0725 2.jpg,0
Tr-no_0276.jpg,0
Tr-no_1168.jpg,0
y00025 2.jpg,1
48 no 2.jpg,0
y00060 2.jpg,1
Tr-no_0510.jpg,0
Tr-no_1008 2.jpg,0
Tr-no_0538.jpg,0
47 no.jpg,0
Tr-no_1140.jpg,0
Y77 2.jpg,1
Tr-no_1154.jpg,0
Y32 2.jpg,1
y313 2.jpg,1
Tr-no_0461 2.jpg,0
y356 2.jpg,1
Tr-no_0424 2.jpg,0
y136.jpg,1
y122.jpg,1
Tr-no_1461 2.jpg,0
Tr-no_1424 2.jpg,0
Tr-no_1309 2.jpg,0
Te-no_0232.jpg,0
Tr-no_1183.jpg,0
Tr-no_1197.jpg,0
Te-no_0226.jpg,0
Tr-no_0289.jpg,0
Tr-no_0309 2.jpg,0
Tr-no_0060.jpg,0
Tr-no_1539 2.jpg,0
y491.jpg,1
Tr-no_0706.jpg,0
Tr-no_1418.jpg,0
Tr-no_0712.jpg,0
y485.jpg,1
Tr-no_0539 2.jpg,0
Tr-no_0074.jpg,0
Tr-no_0214 2.jpg,0
Tr-no_1342.jpg,0
Tr-no_0251 2.jpg,0
y000672.jpg,1
Tr-no_1424.jpg,0
Tr-no_0680 2.jpg,0
Tr-no_1214 2.jpg,0
y000666.jpg,1
Tr-no_1430.jpg,0
Tr-no_1356.jpg,0
Tr-no_0048.jpg,0
Tr-no_1251 2.jpg,0
24 no.jpg,0
y334.jpg,1
y452.jpg,1
y446.jpg,1
Tr-no_0909.jpg,0
y000699.jpg,1
Te-no_0018.jpg,0
Tr-no_0638 2.jpg,0
y320.jpg,1
Tr-no_1381.jpg,0
Te-no_0030.jpg,0
Tr-no_0956 2.jpg,0
y308.jpg,1
Tr-no_0115 2.jpg,0
Tr-no_0581 2.jpg,0
Tr-no_0913 2.jpg,0
Tr-no_0921.jpg,0
Tr-no_0150 2.jpg,0
Tr-no_0935.jpg,0
Tr-no_1115 2.jpg,0
Tr-no_1150 2.jpg,0
Tr-no_1581 2.jpg,0
Te-no_0024.jpg,0
Tr-no_1395.jpg,0
y324.jpg,1
Tr-no_0759 2.jpg,0
Tr-no_0388 2.jpg,0
y442.jpg,1
y456.jpg,1
y000689.jpg,1
Tr-no_0919.jpg,0
Tr-no_1388 2.jpg,0
y330.jpg,1
y0004.jpg,1
Tr-no_1391.jpg,0
Te-no_0020.jpg,0
Tr-no_1074 2.jpg,0
y318.jpg,1
Tr-noTr_0003 2.jpg,0
Tr-no_1031 2.jpg,0
Tr-no_0931.jpg,0
Tr-no_0925.jpg,0
Tr-no_0074 2.jpg,0
Tr-no_0837 2.jpg,0
y392 2.jpg,1
Te-no_0034.jpg,0
Tr-no_1385.jpg,0
Tr-no_0031 2.jpg,0
Tr-no_0872 2.jpg,0
Tr-no_0070.jpg,0
Tr-no_0089 2.jpg,0
y481.jpg,1
Tr-no_1408.jpg,0
Tr-no_0716.jpg,0
Tr-no_0458 2.jpg,0
Tr-no_0702.jpg,0
y495.jpg,1
Tr-no_1458 2.jpg,0
Tr-no_0064.jpg,0
Tr-no_1089 2.jpg,0
23 no 2.jpg,0
y000104.jpg,1
Tr-no_1375 2.jpg,0
Tr-no_1352.jpg,0
Tr-no_1434.jpg,0
y000662.jpg,1
Tr-no_1330 2.jpg,0
Tr-no_0375 2.jpg,0
y407 2.jpg,1
Tr-no_1420.jpg,0
22 no 2.jpg,0
y000676.jpg,1
Tr-no_0058.jpg,0
Tr-no_0330 2.jpg,0
Tr-no_1346.jpg,0
y442 2.jpg,1
Tr-no_1500 2.jpg,0
Tr-no_1194 2.jpg,0
Tr-no_1545 2.jpg,0
y126.jpg,1
y272 2.jpg,1
Tr-no_0500 2.jpg,0
y132.jpg,1
Tr-no_0992 2.jpg,0
y237 2.jpg,1
Tr-no_0545 2.jpg,0
Tr-no_0194 2.jpg,0
Tr-no_0268 2.jpg,0
Te-no_0222.jpg,0
Tr-no_1193.jpg,0
Tr-no_0299.jpg,0
Tr-no_1187.jpg,0
Te-no_0236.jpg,0
Tr-no_1268 2.jpg,0
Tr-no_0514.jpg,0
Tr-no_0272.jpg,0
Tr-no_1295 2.jpg,0
Tr-no_1178.jpg,0
Tr-no_0266.jpg,0
Tr-no_0601 2.jpg,0
y173 2.jpg,1
Tr-no_0295 2.jpg,0
Tr-no_0644 2.jpg,0
y136 2.jpg,1
Tr-no_0500.jpg,0
Tr-no_0169 2.jpg,0
Tr-no_0528.jpg,0
Tr-no_1150.jpg,0
Tr-no_1169 2.jpg,0
Tr-no_1144.jpg,0
y734.jpg,1
No16.jpg,0
Tr-no_0679 2.jpg,0
y720.jpg,1
Tr-no_0952 2.jpg,0
y708.jpg,1
Tr-no_0111 2.jpg,0
Tr-no_0585 2.jpg,0
Te-no_0356.jpg,0
Tr-no_0917 2.jpg,0
Tr-no_0154 2.jpg,0
Te-no_0342.jpg,0
Tr-no_1111 2.jpg,0
Tr-no_1154 2.jpg,0
Tr-no_1585 2.jpg,0
Tr-no_1578 2.jpg,0
y000528.jpg,1
Tr-no_0460.jpg,0
Tr-no_0306.jpg,0
10 no.jpg,0
Tr-no_1018.jpg,0
Tr-no_0312.jpg,0
Tr-no_0578 2.jpg,0
Tr-no_0474.jpg,0
Tr-no_0210 2.jpg,0
y000514.jpg,1
Tr-no_0255 2.jpg,0
Te-no_0395.jpg,0
Tr-no_1024.jpg,0
Tr-no_0684 2.jpg,0
Tr-no_1210 2.jpg,0
Tr-no_1030.jpg,0
Te-no_0381.jpg,0
Tr-no_0448.jpg,0
y000500.jpg,1
Tr-no_1255 2.jpg,0
y317 2.jpg,1
Tr-no_0465 2.jpg,0
Y250.jpg,1
Te-no_0168.jpg,0
y352 2.jpg,1
Tr-no_0420 2.jpg,0
Tr-no_0879.jpg,0
y00029.jpg,1
Tr-no_1465 2.jpg,0
Tr-no_1420 2.jpg,0
Te-no_0154.jpg,0
Tr-no_1348 2.jpg,0
Tr-no_1583.jpg,0
Tr-no_0845.jpg,0
Tr-no_0851.jpg,0
Tr-no_0689.jpg,0
y00015.jpg,1
Tr-no_0799 2.jpg,0
y278.jpg,1
Tr-no_0348 2.jpg,0
Te-no_0140.jpg,0
Tr-no_0104.jpg,0
y293.jpg,1
Tr-no_0764 2.jpg,0
y36.jpg,1
y482 2.jpg,1
Tr-no_0662.jpg,0
Tr-no_0721 2.jpg,0
Tr-no_0676.jpg,0
N17 2.jpg,0
Tr-no_1568.jpg,0
y00021 2.jpg,1
y287.jpg,1
Y22.jpg,1
Tr-no_0110.jpg,0
Tr-no_1226.jpg,0
Te-no_0197.jpg,0
Tr-no_0138.jpg,0
Tr-no_1498 2.jpg,0
Tr-no_1540.jpg,0
Tr-no_0886.jpg,0
Tr-no_1049 2.jpg,0
Y73 2.jpg,1
Tr-no_1554.jpg,0
Tr-no_0892.jpg,0
Te-no_0183.jpg,0
Tr-no_1232.jpg,0
y36 2.jpg,1
Tr-no_0049 2.jpg,0
Tr-no_0498 2.jpg,0
Tr-no_0893.jpg,0
Tr-no_0234 2.jpg,0
Tr-no_1555.jpg,0
y197 2.jpg,1
Tr-no_0271 2.jpg,0
Te-no_0182.jpg,0
Tr-no_1233.jpg,0
Tr-no_0139.jpg,0
Tr-no_1227.jpg,0
Te-no_0196.jpg,0
Tr-no_1234 2.jpg,0
Tr-no_0887.jpg,0
Tr-no_1271 2.jpg,0
Tr-no_1541.jpg,0
Tr-no_1569.jpg,0
Tr-no_0677.jpg,0
Tr-no_1519 2.jpg,0
Tr-no_0111.jpg,0
y23.jpg,1
y0 2.jpg,1
y286.jpg,1
Y37.jpg,1
y292.jpg,1
Tr-no_0105.jpg,0
Tr-no_0663.jpg,0
Tr-no_0519 2.jpg,0
y00014.jpg,1
y296 2.jpg,1
Tr-no_0688.jpg,0
Tr-no_0976 2.jpg,0
Tr-no_0850.jpg,0
Tr-no_0135 2.jpg,0
Te-no_0141.jpg,0
y279.jpg,1
Tr-no_0933 2.jpg,0
Tr-no_0170 2.jpg,0
Tr-no_1135 2.jpg,0
Te-no_0155.jpg,0
Tr-no_0844.jpg,0
Tr-no_1170 2.jpg,0
Tr-no_1582.jpg,0
26 no.jpg,0
y00028.jpg,1
Y245.jpg,1
Te-no_0169.jpg,0
Tr-no_0618 2.jpg,0
Tr-no_0878.jpg,0
Tr-no_1031.jpg,0
Te-no_0380.jpg,0
Tr-no_1028 2.jpg,0
45 no.jpg,0
y000501.jpg,1
Tr-no_0449.jpg,0
y000515.jpg,1
Tr-no_0028 2.jpg,0
y57 2.jpg,1
Y12 2.jpg,1
Te-no_0394.jpg,0
Tr-no_1025.jpg,0
Tr-no_0391 2.jpg,0
Tr-no_0313.jpg,0
Tr-no_0740 2.jpg,0
Tr-no_0475.jpg,0
Tr-no_0705 2.jpg,0
Tr-no_0461.jpg,0
Tr-no_1391 2.jpg,0
y000529.jpg,1
Tr-no_1019.jpg,0
Tr-no_0307.jpg,0
no 923.jpg,0
Tr-no_1329 2.jpg,0
Te-no_0343.jpg,0
38 no.jpg,0
y709.jpg,1
Tr-no_0329 2.jpg,0
Te-no_0357.jpg,0
Tr-no_0441 2.jpg,0
y333 2.jpg,1
Tr-no_0090 2.jpg,0
Tr-no_0404 2.jpg,0
y721.jpg,1
y376 2.jpg,1
Tr-no_0896 2.jpg,0
Tr-no_1090 2.jpg,0
Tr-no_1441 2.jpg,0
y735.jpg,1
No17.jpg,0
Tr-no_1404 2.jpg,0
Tr-no_1145.jpg,0
Tr-no_1351 2.jpg,0
Tr-no_1314 2.jpg,0
Tr-no_0529.jpg,0
y423 2.jpg,1
Tr-no_0351 2.jpg,0
Tr-no_0780 2.jpg,0
y466 2.jpg,1
Tr-no_0314 2.jpg,0
Tr-no_1151.jpg,0
y97 2.jpg,1
Tr-no_0267.jpg,0
Tr-no_1179.jpg,0
Tr-no_0439 2.jpg,0
Tr-no_0501.jpg,0
Tr-no_1439 2.jpg,0
Tr-no_0515.jpg,0
49 no.jpg,0
Tr-no_0273.jpg,0
Tr-no_1050 2.jpg,0
Tr-no_1186.jpg,0
Te-no_0237.jpg,0
Tr-no_1481 2.jpg,0
Tr-no_0298.jpg,0
Tr-no_1015 2.jpg,0
Tr-no_0481 2.jpg,0
Tr-no_0050 2.jpg,0
Tr-no_0813 2.jpg,0
Te-no_0223.jpg,0
Tr-no_1192.jpg,0
Tr-no_0015 2.jpg,0
Tr-no_0856 2.jpg,0
Tr-no_0738 2.jpg,0
y133.jpg,1
y127.jpg,1
y00038 2.jpg,1
34 no.jpg,0
y000677.jpg,1
Tr-no_1421.jpg,0
Tr-no_0108 2.jpg,0
Tr-no_1347.jpg,0
Tr-no_0059.jpg,0
Tr-no_1353.jpg,0
y000105.jpg,1
y000663.jpg,1
Tr-no_1108 2.jpg,0
Tr-no_1435.jpg,0
y494.jpg,1
Tr-no_0703.jpg,0
Tr-no_0065.jpg,0
5 no 2.jpg,0
y000105 2.jpg,1
y157 2.jpg,1
Tr-no_0625 2.jpg,0
Tr-no_0071.jpg,0
Tr-no_0717.jpg,0
4 no 2.jpg,0
Tr-no_1409.jpg,0
y112 2.jpg,1
Tr-no_0660 2.jpg,0
y480.jpg,1
Tr-no_0924.jpg,0
Te-no_0035.jpg,0
Tr-no_1384.jpg,0
Tr-no_0209 2.jpg,0
y319.jpg,1
Tr-no_1390.jpg,0
Te-no_0021.jpg,0
Tr-no_0930.jpg,0
Tr-no_1209 2.jpg,0
Tr-no_0918.jpg,0
y000688.jpg,1
y457.jpg,1
Tr-no_1524 2.jpg,0
y331.jpg,1
Tr-no_1561 2.jpg,0
Tr-no_0524 2.jpg,0
y256 2.jpg,1
y325.jpg,1
y443.jpg,1
Tr-no_0561 2.jpg,0
y213 2.jpg,1
y333.jpg,1
y499 2.jpg,1
y0007.jpg,1
y455.jpg,1
y441.jpg,1
y327.jpg,1
Tr-no_1052 2.jpg,0
Tr-no_1386.jpg,0
Te-no_0037.jpg,0
Tr-no_1483 2.jpg,0
Tr-no_0098.jpg,0
Tr-no_1017 2.jpg,0
Tr-no_0926.jpg,0
y469.jpg,1
Tr-no_0483 2.jpg,0
Tr-no_0052 2.jpg,0
Tr-no_0932.jpg,0
Tr-no_0811 2.jpg,0
Te-no_0023.jpg,0
Tr-no_1392.jpg,0
y68 2.jpg,1
Tr-no_0017 2.jpg,0
Tr-no_0854 2.jpg,0
Y95 2.jpg,1
Tr-no_0067.jpg,0
Tr-no_1379.jpg,0
y349 2.jpg,1
y000649.jpg,1
Tr-no_0701.jpg,0
y496.jpg,1
y482.jpg,1
Tr-no_0715.jpg,0
Tr-no_0073.jpg,0
Tr-no_1345.jpg,0
Tr-no_1353 2.jpg,0
y00082 2.jpg,1
Tr-no_1423.jpg,0
y000675.jpg,1
Tr-no_1316 2.jpg,0
Tr-no_1437.jpg,0
Tr-no_0729.jpg,0
y000661.jpg,1
Tr-no_0353 2.jpg,0
y421 2.jpg,1
Tr-no_0782 2.jpg,0
Tr-no_0316 2.jpg,0
y464 2.jpg,1
y000107.jpg,1
Tr-no_1351.jpg,0
Tr-no_1526 2.jpg,0
y131.jpg,1
Tr-no_1563 2.jpg,0
Te-no_0209.jpg,0
y254 2.jpg,1
Tr-no_0526 2.jpg,0
y125.jpg,1
y211 2.jpg,1
Tr-no_0563 2.jpg,0
no 100.jpg,0
Te-no_0235.jpg,0
Tr-no_1184.jpg,0
y119.jpg,1
Tr-no_1190.jpg,0
Te-no_0221.jpg,0
Tr-no_0503.jpg,0
Tr-no_0265.jpg,0
y000107 2.jpg,1
Tr-no_0627 2.jpg,0
y155 2.jpg,1
Tr-no_0271.jpg,0
Tr-no_0517.jpg,0
Tr-no_0662 2.jpg,0
y110 2.jpg,1
Tr-no_0949 2.jpg,0
Tr-no_1147.jpg,0
Tr-no_0259.jpg,0
Tr-no_1153.jpg,0
y723.jpg,1
Te-no_0369.jpg,0
y168 2.jpg,1
No15.jpg,0
y737.jpg,1
y294 2.jpg,1
Tr-no_0974 2.jpg,0
Tr-no_0488.jpg,0
Tr-no_0137 2.jpg,0
Te-no_0341.jpg,0
Tr-no_0931 2.jpg,0
Tr-no_0172 2.jpg,0
Tr-no_1137 2.jpg,0
Te-no_0355.jpg,0
Tr-no_1172 2.jpg,0
Tr-no_0477.jpg,0
Tr-no_0311.jpg,0
Y2 2.jpg,1
Tr-no_0305.jpg,0
Tr-no_0989 2.jpg,0
Tr-no_0463.jpg,0
y269 2.jpg,1
Tr-no_0236 2.jpg,0
y000503.jpg,1
y195 2.jpg,1
Tr-no_0273 2.jpg,0
Te-no_0382.jpg,0
Tr-no_1033.jpg,0
Tr-no_0339.jpg,0
Tr-no_1027.jpg,0
Te-no_0396.jpg,0
Tr-no_1236 2.jpg,0
Tr-no_1273 2.jpg,0
y000517.jpg,1
y331 2.jpg,1
Tr-no_0443 2.jpg,0
Tr-no_0092 2.jpg,0
y374 2.jpg,1
Tr-no_0406 2.jpg,0
Tr-no_0894 2.jpg,0
Tr-no_1092 2.jpg,0
Tr-no_1443 2.jpg,0
Tr-no_1406 2.jpg,0
29 no 2.jpg,0
Te-no_0143.jpg,0
Tr-no_1594.jpg,0
Tr-no_0852.jpg,0
Tr-no_1580.jpg,0
Tr-no_0846.jpg,0
y459 2.jpg,1
28 no 2.jpg,0
Te-no_0157.jpg,0
Tr-no_0393 2.jpg,0
y284.jpg,1
Y21.jpg,1
Tr-no_0742 2.jpg,0
Tr-no_0113.jpg,0
Tr-no_0675.jpg,0
Tr-no_0707 2.jpg,0
Tr-no_0661.jpg,0
Tr-no_1393 2.jpg,0
Tr-no_1219.jpg,0
Tr-no_0107.jpg,0
y290.jpg,1
Y35.jpg,1
y00042 2.jpg,1
Tr-no_1231.jpg,0
Te-no_0180.jpg,0
Tr-no_0649.jpg,0
Tr-no_1557.jpg,0
Tr-no_0891.jpg,0
Tr-no_0869 2.jpg,0
Tr-no_1543.jpg,0
Tr-no_0885.jpg,0
Y55 2.jpg,1
y389 2.jpg,1
Y10 2.jpg,1
Te-no_0194.jpg,0
Tr-no_1225.jpg,0
Tr-no_0212 2.jpg,0
Tr-no_0884.jpg,0
Tr-no_1542.jpg,0
Tr-no_0257 2.jpg,0
Te-no_0195.jpg,0
Tr-no_1224.jpg,0
Tr-no_0686 2.jpg,0
5 no.jpg,0
Tr-no_1212 2.jpg,0
Tr-no_1230.jpg,0
Te-no_0181.jpg,0
Tr-no_0890.jpg,0
Tr-no_1556.jpg,0
y000700.jpg,1
Tr-no_0648.jpg,0
Tr-no_1257 2.jpg,0
Tr-no_0660.jpg,0
Y34.jpg,1
y291.jpg,1
Tr-no_0106.jpg,0
Tr-no_1218.jpg,0
N11.jpg,0
Tr-no_0112.jpg,0
y208 2.jpg,1
Y20.jpg,1
y285.jpg,1
Tr-no_0674.jpg,0
no 89.jpg,0
Tr-no_0847.jpg,0
Tr-no_1581.jpg,0
Tr-no_0950 2.jpg,0
Tr-no_0113 2.jpg,0
Tr-no_0587 2.jpg,0
Te-no_0156.jpg,0
Tr-no_0915 2.jpg,0
Tr-no_0156 2.jpg,0
Te-no_0142.jpg,0
Tr-no_1113 2.jpg,0
y00017.jpg,1
Tr-no_1156 2.jpg,0
Tr-no_1587 2.jpg,0
Tr-no_0853.jpg,0
Y252.jpg,1
y109 2.jpg,1
Tr-no_1026.jpg,0
Te-no_0397.jpg,0
Tr-no_0338.jpg,0
y000516.jpg,1
y71 2.jpg,1
y000502.jpg,1
Tr-no_0808 2.jpg,0
Te-no_0383.jpg,0
Tr-no_1032.jpg,0
Y34 2.jpg,1
Tr-no_0304.jpg,0
Tr-no_0766 2.jpg,0
y480 2.jpg,1
Tr-no_0462.jpg,0
Tr-no_0723 2.jpg,0
Tr-no_0476.jpg,0
N15 2.jpg,0
Tr-no_0310.jpg,0
Te-no_0354.jpg,0
Tr-no_0489.jpg,0
y438 2.jpg,1
Te-no_0340.jpg,0
Tr-no_0467 2.jpg,0
y315 2.jpg,1
Te-no_0368.jpg,0
Tr-no_0422 2.jpg,0
y350 2.jpg,1
No14.jpg,0
y736.jpg,1
y722.jpg,1
Tr-no_1467 2.jpg,0
Tr-no_1422 2.jpg,0
Tr-no_1152.jpg,0
Tr-no_1377 2.jpg,0
Tr-no_1332 2.jpg,0
y405 2.jpg,1
Tr-no_0377 2.jpg,0
Tr-no_0258.jpg,0
y440 2.jpg,1
Tr-no_1146.jpg,0
Tr-no_0332 2.jpg,0
Tr-no_0270.jpg,0
y328 2.jpg,1
Tr-no_0516.jpg,0
y0008 2.jpg,1
Tr-no_0502.jpg,0
Tr-no_0264.jpg,0
Tr-no_1191.jpg,0
Te-no_0220.jpg,0
Tr-no_1076 2.jpg,0
y118.jpg,1
Tr-noTr_0001 2.jpg,0
Tr-no_1033 2.jpg,0
Tr-no_0076 2.jpg,0
Tr-no_0835 2.jpg,0
y390 2.jpg,1
Te-no_0234.jpg,0
Tr-no_1185.jpg,0
Tr-no_0033 2.jpg,0
Tr-no_0870 2.jpg,0
y124.jpg,1
Te-no_0208.jpg,0
y130.jpg,1
Tr-no_0928 2.jpg,0
y000660.jpg,1
Tr-no_0728.jpg,0
Tr-no_1436.jpg,0
Tr-no_1350.jpg,0
y000106.jpg,1
Tr-no_1344.jpg,0
y000674.jpg,1
Tr-no_1422.jpg,0
Tr-no_0714.jpg,0
y483.jpg,1
9 no.jpg,0
Tr-no_0072.jpg,0
Tr-no_1297 2.jpg,0
Tr-no_1378.jpg,0
Tr-no_0066.jpg,0
y171 2.jpg,1
Tr-no_0603 2.jpg,0
y497.jpg,1
Tr-no_0297 2.jpg,0
y134 2.jpg,1
Tr-no_0646 2.jpg,0
Tr-no_0700.jpg,0
y000648.jpg,1
Tr-no_0933.jpg,0
17 no 2.jpg,0
Te-no_0022.jpg,0
Tr-no_1393.jpg,0
Tr-no_0099.jpg,0
Tr-no_1387.jpg,0
Te-no_0036.jpg,0
y468.jpg,1
Tr-no_0927.jpg,0
y440.jpg,1
Tr-no_1502 2.jpg,0
Tr-no_1196 2.jpg,0
Tr-no_1547 2.jpg,0
y326.jpg,1
y0006.jpg,1
Tr-no_0502 2.jpg,0
y270 2.jpg,1
y332.jpg,1
Tr-no_0990 2.jpg,0
Tr-no_0547 2.jpg,0
y235 2.jpg,1
y454.jpg,1
Tr-no_0196 2.jpg,0
y000692.jpg,1
Tr-no_0902.jpg,0
Tr-no_1413 2.jpg,0
Tr-no_1087 2.jpg,0
Te-no_0013.jpg,0
Tr-no_1456 2.jpg,0
Tr-no_0413 2.jpg,0
y361 2.jpg,1
Tr-no_0881 2.jpg,0
y000686.jpg,1
y0004 2.jpg,1
Tr-no_0916.jpg,0
Tr-no_0456 2.jpg,0
y324 2.jpg,1
Tr-no_0087 2.jpg,0
y459.jpg,1
y471.jpg,1
y409 2.jpg,1
y317.jpg,1
Tr-no_0080.jpg,0
Tr-no_0094.jpg,0
y303.jpg,1
y465.jpg,1
Tr-no_1407.jpg,0
Tr-no_0719.jpg,0
y000651.jpg,1
y00012 2.jpg,1
Tr-no_1386 2.jpg,0
Tr-no_1361.jpg,0
Tr-no_1375.jpg,0
Tr-no_0712 2.jpg,0
Tr-no_0386 2.jpg,0
Tr-no_1413.jpg,0
Tr-no_0757 2.jpg,0
y000645.jpg,1
Tr-no_0839 2.jpg,0
Tr-no_0725.jpg,0
Tr-no_0043.jpg,0
y40 2.jpg,1
Tr-no_0057.jpg,0
Tr-no_1349.jpg,0
y000679.jpg,1
Tr-no_0731.jpg,0
y129.jpg,1
Te-no_0211.jpg,0
y138 2.jpg,1
Te-no_0205.jpg,0
Tr-no_0282.jpg,0
Tr-no_1167 2.jpg,0
y115.jpg,1
Tr-no_1122 2.jpg,0
Tr-no_0167 2.jpg,0
Tr-no_0924 2.jpg,0
Y101.jpg,1
y281 2.jpg,1
Tr-no_0122 2.jpg,0
Tr-no_0296.jpg,0
Tr-no_1188.jpg,0
Te-no_0239.jpg,0
Tr-no_0961 2.jpg,0
Tr-no_1163.jpg,0
y239 2.jpg,1
Tr-no_1177.jpg,0
Tr-no_0269.jpg,0
Tr-no_1266 2.jpg,0
Tr-no_0241.jpg,0
Tr-no_0527.jpg,0
Tr-no_1223 2.jpg,0
Tr-no_0266 2.jpg,0
Tr-no_0533.jpg,0
Tr-no_0223 2.jpg,0
Tr-no_0255.jpg,0
y180 2.jpg,1
y000503 2.jpg,1
Tr-no_0576 2.jpg,0
y204 2.jpg,1
Te-no_0365.jpg,0
Tr-no_0533 2.jpg,0
y241 2.jpg,1
Te-no_0403.jpg,0
No19.jpg,0
Tr-no_1576 2.jpg,0
Te-no_0371.jpg,0
Tr-no_1533 2.jpg,0
Te-no_0359.jpg,0
y707.jpg,1
Tr-no_0490.jpg,0
Tr-no_0484.jpg,0
y713.jpg,1
Tr-no_0309.jpg,0
Tr-no_1017.jpg,0
Y105 2.jpg,1
Tr-no_0677 2.jpg,0
y000527.jpg,1
y140 2.jpg,1
Tr-no_0632 2.jpg,0
y000533.jpg,1
Tr-no_1003.jpg,0
N3 2.jpg,0
Tr-no_0335.jpg,0
Tr-no_0453.jpg,0
Tr-no_0447.jpg,0
Tr-no_0919 2.jpg,0
Tr-no_0321.jpg,0
y00032.jpg,1
Tr-no_0876.jpg,0
Te-no_0167.jpg,0
Te-no_0173.jpg,0
Tr-no_0862.jpg,0
y00026.jpg,1
Tr-no_0692.jpg,0
Tr-no_0841 2.jpg,0
Tr-no_0496 2.jpg,0
y263.jpg,1
Tr-no_0804 2.jpg,0
Tr-no_0047 2.jpg,0
Y38 2.jpg,1
Tr-no_1002 2.jpg,0
y277.jpg,1
Tr-no_1047 2.jpg,0
Tr-no_1496 2.jpg,0
Tr-no_0686.jpg,0
no 90.jpg,0
Tr-no_1573.jpg,0
Y39.jpg,1
Tr-no_1215.jpg,0
Tr-no_1201.jpg,0
y319 2.jpg,1
y288.jpg,1
y80 2.jpg,1
Tr-no_0679.jpg,0
Tr-no_1567.jpg,0
y471 2.jpg,1
Tr-no_0303 2.jpg,0
Tr-no_0651.jpg,0
Tr-no_0889.jpg,0
Tr-no_1229.jpg,0
Te-no_0198.jpg,0
y434 2.jpg,1
Tr-no_0346 2.jpg,0
Tr-no_0137.jpg,0
Tr-no_0797 2.jpg,0
Y11.jpg,1
Tr-no_1303 2.jpg,0
Tr-no_0123.jpg,0
Tr-no_0645.jpg,0
Tr-no_1346 2.jpg,0
Tr-no_0122.jpg,0
N21.jpg,0
Y10.jpg,1
Tr-no_0644.jpg,0
Tr-no_0888.jpg,0
Tr-no_0978 2.jpg,0
Tr-no_0650.jpg,0
y298 2.jpg,1
Tr-no_0136.jpg,0
Tr-no_1228.jpg,0
Te-no_0199.jpg,0
Tr-no_0282 2.jpg,0
y289.jpg,1
Tr-no_0653 2.jpg,0
y121 2.jpg,1
Tr-no_1200.jpg,0
Tr-no_1566.jpg,0
Tr-no_0678.jpg,0
Tr-no_0616 2.jpg,0
y164 2.jpg,1
Tr-no_1572.jpg,0
Tr-no_1282 2.jpg,0
no 91.jpg,0
Tr-no_1214.jpg,0
Y38.jpg,1
y276.jpg,1
Tr-no_0687.jpg,0
y199 2.jpg,1
Tr-no_0693.jpg,0
y262.jpg,1
y220 2.jpg,1
Tr-no_0552 2.jpg,0
Te-no_0172.jpg,0
Tr-no_0183 2.jpg,0
y265 2.jpg,1
Tr-no_0517 2.jpg,0
y00027.jpg,1
Tr-no_0985 2.jpg,0
Tr-no_0863.jpg,0
Tr-no_1183 2.jpg,0
Tr-no_0877.jpg,0
Tr-no_1552 2.jpg,0
y00033.jpg,1
Te-no_0166.jpg,0
Tr-no_1517 2.jpg,0
Tr-no_0327 2.jpg,0
Tr-no_0446.jpg,0
y455 2.jpg,1
Tr-no_0362 2.jpg,0
y410 2.jpg,1
Tr-no_0320.jpg,0
Tr-no_0334.jpg,0
Tr-no_1327 2.jpg,0
Tr-no_1362 2.jpg,0
Tr-no_0452.jpg,0
no 2 2.jpg,0
y000532.jpg,1
Tr-no_1002.jpg,0
Tr-no_1016.jpg,0
Tr-no_0308.jpg,0
Tr-no_0898 2.jpg,0
y000526.jpg,1
y378 2.jpg,1
y385 2.jpg,1
y712.jpg,1
Tr-no_0865 2.jpg,0
Tr-no_0485.jpg,0
y59 2.jpg,1
Tr-no_0026 2.jpg,0
Tr-no_0820 2.jpg,0
Tr-no_0063 2.jpg,0
Tr-no_1026 2.jpg,0
Te-no_0358.jpg,0
Tr-no_0491.jpg,0
Tr-no_1063 2.jpg,0
y706.jpg,1
Te-no_0370.jpg,0
Te-no_0364.jpg,0
No18.jpg,0
Te-no_0402.jpg,0
Y21 2.jpg,1
Tr-no_0532.jpg,0
y64 2.jpg,1
Tr-no_0858 2.jpg,0
Tr-no_0254.jpg,0
Tr-no_0240.jpg,0
Tr-no_0526.jpg,0
y00073 2.jpg,1
Tr-no_0268.jpg,0
Tr-no_1176.jpg,0
y495 2.jpg,1
Tr-no_0736 2.jpg,0
Tr-no_1162.jpg,0
Tr-no_0773 2.jpg,0
Tr-no_1189.jpg,0
Te-no_0238.jpg,0
Tr-no_0297.jpg,0
y100.jpg,1
y468 2.jpg,1
y114.jpg,1
Tr-no_0283.jpg,0
Tr-no_1437 2.jpg,0
Te-no_0204.jpg,0
Tr-no_1472 2.jpg,0
Te-no_0210.jpg,0
y345 2.jpg,1
Tr-no_0437 2.jpg,0
y128.jpg,1
y99 2.jpg,1
y300 2.jpg,1
Tr-no_0472 2.jpg,0
Tr-no_1348.jpg,0
Tr-no_0056.jpg,0
Tr-no_1242 2.jpg,0
Tr-no_0730.jpg,0
y000678.jpg,1
Tr-no_1207 2.jpg,0
Tr-no_0724.jpg,0
Tr-no_0242 2.jpg,0
Tr-no_0693 2.jpg,0
Tr-no_0207 2.jpg,0
Tr-no_0042.jpg,0
Tr-no_1374.jpg,0
y258 2.jpg,1
y000644.jpg,1
Tr-no_1412.jpg,0
y000650.jpg,1
Tr-no_0718.jpg,0
Tr-no_1406.jpg,0
Tr-no_1360.jpg,0
Tr-no_1143 2.jpg,0
y302.jpg,1
Tr-no_0095.jpg,0
Tr-no_1592 2.jpg,0
Tr-no_1106 2.jpg,0
y464.jpg,1
y470.jpg,1
Tr-no_0592 2.jpg,0
Tr-no_0143 2.jpg,0
Tr-no_0900 2.jpg,0
Tr-no_0081.jpg,0
Tr-no_0106 2.jpg,0
y316.jpg,1
Tr-no_0945 2.jpg,0
y159 2.jpg,1
y458.jpg,1
Tr-no_0917.jpg,0
y000687.jpg,1
Tr-no_0903.jpg,0
y000693.jpg,1
Te-no_0012.jpg,0
y000685.jpg,1
Tr-no_0915.jpg,0
Tr-no_1435 2.jpg,0
y0008.jpg,1
Tr-no_1470 2.jpg,0
Te-no_0010.jpg,0
Tr-no_0435 2.jpg,0
y347 2.jpg,1
y328.jpg,1
Tr-no_0470 2.jpg,0
y302 2.jpg,1
y000691.jpg,1
Tr-no_0901.jpg,0
y466.jpg,1
Tr-no_0929.jpg,0
Tr-no_1389.jpg,0
Te-no_0038.jpg,0
Tr-no_0097.jpg,0
y300.jpg,1
Tr-no_0318 2.jpg,0
y314.jpg,1
Tr-no_0083.jpg,0
Tr-no_1318 2.jpg,0
y472.jpg,1
y499.jpg,1
Tr-no_1410.jpg,0
y000646.jpg,1
Tr-no_0068.jpg,0
Tr-no_1376.jpg,0
y00034 2.jpg,1
y497 2.jpg,1
Tr-no_0734 2.jpg,0
Tr-no_1362.jpg,0
Tr-no_1404.jpg,0
y000652.jpg,1
Tr-no_0771 2.jpg,0
y23 2.jpg,1
Tr-no_0732.jpg,0
Tr-no_0019 2.jpg,0
y66 2.jpg,1
Tr-no_0054.jpg,0
Tr-no_0040.jpg,0
y000108.jpg,1
Tr-no_1438.jpg,0
Tr-no_1019 2.jpg,0
Tr-no_0726.jpg,0
Tr-no_0629 2.jpg,0
Te-no_0206.jpg,0
Te-no_0212.jpg,0
Tr-no_1141 2.jpg,0
Y102.jpg,1
Tr-no_0295.jpg,0
Tr-no_1590 2.jpg,0
Tr-no_1104 2.jpg,0
Tr-no_0590 2.jpg,0
Tr-no_0141 2.jpg,0
Tr-no_0902 2.jpg,0
Tr-no_0281.jpg,0
Tr-no_0104 2.jpg,0
y116.jpg,1
Tr-no_0947 2.jpg,0
Tr-no_1174.jpg,0
Tr-no_0528 2.jpg,0
Tr-no_1528 2.jpg,0
Tr-no_0518.jpg,0
Tr-no_1160.jpg,0
15 no.jpg,0
Tr-no_1148.jpg,0
Tr-no_0256.jpg,0
Tr-no_1240 2.jpg,0
Tr-no_0530.jpg,0
Tr-no_1205 2.jpg,0
Tr-no_0524.jpg,0
Tr-no_0240 2.jpg,0
Tr-no_0691 2.jpg,0
Tr-no_0205 2.jpg,0
Tr-no_0242.jpg,0
Tr-no_0550 2.jpg,0
Te-no_0372.jpg,0
y222 2.jpg,1
Tr-no_0181 2.jpg,0
Tr-no_0515 2.jpg,0
y267 2.jpg,1
30 no 2.jpg,0
Tr-no_0987 2.jpg,0
Te-no_0400.jpg,0
Tr-no_1181 2.jpg,0
Tr-no_1550 2.jpg,0
y738.jpg,1
31 no 2.jpg,0
Te-no_0366.jpg,0
Tr-no_1515 2.jpg,0
Tr-no_1238 2.jpg,0
Tr-no_0487.jpg,0
y710.jpg,1
y704.jpg,1
Tr-no_0238 2.jpg,0
Tr-no_0493.jpg,0
Tr-no_0280 2.jpg,0
y123 2.jpg,1
Tr-no_0651 2.jpg,0
Tr-no_1000.jpg,0
Tr-no_0478.jpg,0
y000530.jpg,1
y166 2.jpg,1
Tr-no_0614 2.jpg,0
Tr-no_1280 2.jpg,0
y000524.jpg,1
Tr-no_1014.jpg,0
Tr-no_0322.jpg,0
Tr-no_1139 2.jpg,0
19 no.jpg,0
Tr-no_0444.jpg,0
Tr-no_0139 2.jpg,0
y000518.jpg,1
Tr-no_0450.jpg,0
Tr-no_0336.jpg,0
Tr-no_1028.jpg,0
Te-no_0399.jpg,0
Tr-no_0861.jpg,0
y00025.jpg,1
Te-no_0170.jpg,0
Te-no_0164.jpg,0
y00031.jpg,1
Tr-no_0709 2.jpg,0
Tr-no_0875.jpg,0
y387 2.jpg,1
Tr-no_0867 2.jpg,0
Tr-no_0685.jpg,0
Tr-no_0024 2.jpg,0
Tr-no_0822 2.jpg,0
y274.jpg,1
Tr-no_0061 2.jpg,0
y260.jpg,1
Tr-no_1024 2.jpg,0
Te-no_0158.jpg,0
Tr-no_0849.jpg,0
Tr-no_0691.jpg,0
Tr-no_1061 2.jpg,0
Tr-no_1564.jpg,0
Tr-no_1202.jpg,0
Tr-no_1408 2.jpg,0
Tr-no_1216.jpg,0
Tr-no_0108.jpg,0
Tr-no_1570.jpg,0
Tr-no_0408 2.jpg,0
y457 2.jpg,1
Tr-no_0646.jpg,0
Tr-no_0325 2.jpg,0
Tr-no_1558.jpg,0
y412 2.jpg,1
Tr-no_0360 2.jpg,0
Y12.jpg,1
Tr-no_0120.jpg,0
Tr-no_0134.jpg,0
Tr-no_1325 2.jpg,0
Tr-no_0652.jpg,0
Tr-no_1360 2.jpg,0
47 no 2.jpg,0
N1 2.jpg,0
Tr-no_0135.jpg,0
Tr-no_1589 2.jpg,0
Tr-no_0653.jpg,0
Tr-no_1158 2.jpg,0
46 no 2.jpg,0
Tr-no_1559.jpg,0
Tr-no_0647.jpg,0
Tr-no_0121.jpg,0
Tr-no_0158 2.jpg,0
Tr-no_0589 2.jpg,0
Y13.jpg,1
Tr-no_0109.jpg,0
Tr-no_1217.jpg,0
Tr-no_0675 2.jpg,0
Y107 2.jpg,1
Tr-no_1571.jpg,0
no 92.jpg,0
Tr-no_0630 2.jpg,0
y142 2.jpg,1
Tr-no_1565.jpg,0
Tr-no_1203.jpg,0
Te-no_0159.jpg,0
y261.jpg,1
Tr-no_1259 2.jpg,0
Tr-no_0690.jpg,0
Tr-no_0848.jpg,0
Tr-no_0684.jpg,0
y275.jpg,1
Tr-no_0688 2.jpg,0
Tr-no_0259 2.jpg,0
y206 2.jpg,1
Tr-no_0574 2.jpg,0
Te-no_0165.jpg,0
y243 2.jpg,1
Tr-no_0531 2.jpg,0
Tr-no_0874.jpg,0
y00030.jpg,1
y00024.jpg,1
Tr-no_1574 2.jpg,0
Tr-no_0860.jpg,0
Te-no_0171.jpg,0
Tr-no_1531 2.jpg,0
Tr-no_0301 2.jpg,0
y473 2.jpg,1
Tr-no_0451.jpg,0
y000519.jpg,1
Tr-no_1029.jpg,0
Te-no_0398.jpg,0
Tr-no_0344 2.jpg,0
y436 2.jpg,1
Tr-no_0337.jpg,0
Tr-no_0795 2.jpg,0
Tr-no_1301 2.jpg,0
y00095 2.jpg,1
Tr-no_0323.jpg,0
Tr-no_0445.jpg,0
Tr-no_1344 2.jpg,0
y000525.jpg,1
Tr-no_1469 2.jpg,0
Tr-no_1015.jpg,0
Tr-no_1001.jpg,0
Tr-no_0469 2.jpg,0
Y82 2.jpg,1
y000531.jpg,1
Tr-no_0479.jpg,0
Tr-no_0492.jpg,0
Tr-no_0843 2.jpg,0
y705.jpg,1
Tr-no_0494 2.jpg,0
Tr-no_0806 2.jpg,0
Tr-no_0045 2.jpg,0
Tr-no_1000 2.jpg,0
y711.jpg,1
Tr-no_1045 2.jpg,0
Tr-no_1494 2.jpg,0
Tr-no_0486.jpg,0
y739.jpg,1
Te-no_0401.jpg,0
31 no.jpg,0
Te-no_0367.jpg,0
Tr-no_0768 2.jpg,0
Te-no_0373.jpg,0
Tr-no_0078 2.jpg,0
Tr-no_0525.jpg,0
Tr-no_0243.jpg,0
Y42 2.jpg,1
Tr-no_1078 2.jpg,0
Tr-no_0257.jpg,0
Tr-no_1149.jpg,0
40 no.jpg,0
Tr-no_0531.jpg,0
Tr-no_0519.jpg,0
y00055 2.jpg,1
y00010 2.jpg,1
Tr-no_1384 2.jpg,0
Tr-no_1161.jpg,0
Tr-no_1175.jpg,0
Tr-no_0710 2.jpg,0
Tr-no_0384 2.jpg,0
Tr-no_0755 2.jpg,0
Tr-no_0379 2.jpg,0
y117.jpg,1
Tr-no_0280.jpg,0
Tr-no_0294.jpg,0
Tr-no_1379 2.jpg,0
Y103.jpg,1
Tr-no_1411 2.jpg,0
Tr-no_1085 2.jpg,0
Te-no_0213.jpg,0
Tr-no_1454 2.jpg,0
y363 2.jpg,1
Tr-no_0411 2.jpg,0
Te-no_0207.jpg,0
Tr-no_0883 2.jpg,0
y0006 2.jpg,1
y326 2.jpg,1
Tr-no_0454 2.jpg,0
Tr-no_0085 2.jpg,0
Tr-no_1264 2.jpg,0
Tr-no_0041.jpg,0
Tr-no_0727.jpg,0
Tr-no_1439.jpg,0
Tr-no_1221 2.jpg,0
Tr-no_0264 2.jpg,0
Tr-no_0733.jpg,0
Tr-no_0221 2.jpg,0
Tr-no_0055.jpg,0
y182 2.jpg,1
y000501 2.jpg,1
Tr-no_1363.jpg,0
Tr-no_0198 2.jpg,0
y000653.jpg,1
Tr-no_0549 2.jpg,0
Tr-no_1405.jpg,0
y000647.jpg,1
Tr-no_1411.jpg,0
y498.jpg,1
Tr-no_1549 2.jpg,0
Tr-no_1377.jpg,0
Tr-no_1198 2.jpg,0
Tr-no_0069.jpg,0
Tr-no_0082.jpg,0
Tr-no_1165 2.jpg,0
y315.jpg,1
Tr-no_1120 2.jpg,0
y473.jpg,1
Tr-no_0928.jpg,0
Tr-no_0165 2.jpg,0
y467.jpg,1
Tr-no_0926 2.jpg,0
y301.jpg,1
y283 2.jpg,1
Tr-no_0096.jpg,0
Tr-no_0120 2.jpg,0
Tr-no_0963 2.jpg,0
Tr-no_1388.jpg,0
Te-no_0039.jpg,0
y329.jpg,1
Te-no_0011.jpg,0
Tr-no_0900.jpg,0
Tr-no_0648 2.jpg,0
y000690.jpg,1
Tr-no_0299 2.jpg,0
23 no.jpg,0
Tr-no_0914.jpg,0
y000684.jpg,1
Tr-no_1299 2.jpg,0
y0009.jpg,1
Tr-no_0092.jpg,0
y305.jpg,1
Tr-no_0847 2.jpg,0
Tr-no_0490 2.jpg,0
y463.jpg,1
Tr-no_0802 2.jpg,0
Tr-no_0041 2.jpg,0
Tr-no_0938.jpg,0
Tr-no_1004 2.jpg,0
y477.jpg,1
y311.jpg,1
Tr-no_1041 2.jpg,0
Tr-no_1398.jpg,0
Tr-no_1490 2.jpg,0
Te-no_0029.jpg,0
Tr-no_0086.jpg,0
y339.jpg,1
y00029 2.jpg,1
y000680.jpg,1
Tr-no_0910.jpg,0
y000694.jpg,1
Tr-no_0904.jpg,0
Te-no_0015.jpg,0
Tr-no_0729 2.jpg,0
Tr-no_0305 2.jpg,0
y477 2.jpg,1
Tr-no_0051.jpg,0
Tr-no_0340 2.jpg,0
y432 2.jpg,1
Tr-no_1429.jpg,0
Tr-no_0737.jpg,0
Tr-no_0791 2.jpg,0
Tr-no_1305 2.jpg,0
Tr-no_0723.jpg,0
y00091 2.jpg,1
Tr-no_0045.jpg,0
Tr-no_1340 2.jpg,0
Tr-no_1373.jpg,0
Tr-no_1428 2.jpg,0
Tr-no_1415.jpg,0
y000643.jpg,1
Tr-no_1401.jpg,0
y000657.jpg,1
y488.jpg,1
y86 2.jpg,1
Tr-no_0428 2.jpg,0
Tr-no_0079.jpg,0
Tr-no_1367.jpg,0
Tr-no_1218 2.jpg,0
Y107.jpg,1
Tr-no_0290.jpg,0
Tr-no_0284.jpg,0
Tr-no_0218 2.jpg,0
y113.jpg,1
y202 2.jpg,1
Tr-no_0570 2.jpg,0
y247 2.jpg,1
Tr-no_0535 2.jpg,0
Te-no_0203.jpg,0
Tr-no_1570 2.jpg,0
Te-no_0217.jpg,0
Tr-no_1535 2.jpg,0
N5 2.jpg,0
Tr-no_0535.jpg,0
Tr-no_1119 2.jpg,0
Tr-no_0253.jpg,0
Tr-no_0119 2.jpg,0
Tr-no_1159.jpg,0
Tr-no_0247.jpg,0
Tr-no_0521.jpg,0
Tr-no_0509.jpg,0
Tr-no_0671 2.jpg,0
Y103 2.jpg,1
Tr-no_1171.jpg,0
Tr-no_0634 2.jpg,0
y146 2.jpg,1
Tr-no_1165.jpg,0
Tr-no_0482.jpg,0
Tr-no_1161 2.jpg,0
y715.jpg,1
Tr-no_1124 2.jpg,0
Tr-no_0161 2.jpg,0
Tr-no_0922 2.jpg,0
y287 2.jpg,1
y701.jpg,1
Tr-no_0496.jpg,0
Tr-no_0124 2.jpg,0
Tr-no_0967 2.jpg,0
Tr-no_0609 2.jpg,0
y729.jpg,1
Te-no_0377.jpg,0
Te-no_0363.jpg,0
y000509.jpg,1
Tr-no_0441.jpg,0
Tr-no_1260 2.jpg,0
Tr-no_0327.jpg,0
Tr-no_1039.jpg,0
Te-no_0388.jpg,0
Tr-no_1225 2.jpg,0
Tr-no_0260 2.jpg,0
Tr-no_0333.jpg,0
Tr-no_0455.jpg,0
Tr-no_0225 2.jpg,0
y186 2.jpg,1
y000505 2.jpg,1
y000535.jpg,1
Tr-no_0508 2.jpg,0
Tr-no_1005.jpg,0
Tr-no_1011.jpg,0
Tr-no_1508 2.jpg,0
Tr-no_0469.jpg,0
y000521.jpg,1
17 no.jpg,0
Te-no_0149.jpg,0
y271.jpg,1
Tr-no_0858.jpg,0
Tr-no_0338 2.jpg,0
Tr-no_0680.jpg,0
Tr-no_0694.jpg,0
y265.jpg,1
Tr-no_1338 2.jpg,0
Tr-no_1415 2.jpg,0
Te-no_0175.jpg,0
Tr-no_1081 2.jpg,0
Tr-no_0864.jpg,0
y00020.jpg,1
Tr-no_1450 2.jpg,0
y367 2.jpg,1
y00034.jpg,1
Tr-no_0415 2.jpg,0
Tr-no_0870.jpg,0
Tr-no_0887 2.jpg,0
y322 2.jpg,1
Tr-no_0450 2.jpg,0
y0002 2.jpg,1
Te-no_0161.jpg,0
Tr-no_0081 2.jpg,0
Y17.jpg,1
Tr-no_0125.jpg,0
Y46 2.jpg,1
Tr-no_0039 2.jpg,0
Tr-no_0643.jpg,0
Tr-no_0657.jpg,0
Tr-no_1549.jpg,0
Tr-no_0131.jpg,0
Tr-no_1039 2.jpg,0
Tr-no_1207.jpg,0
Tr-no_0119.jpg,0
y00051 2.jpg,1
y00014 2.jpg,1
Tr-no_1380 2.jpg,0
Tr-no_1561.jpg,0
no 96.jpg,0
Tr-no_1575.jpg,0
Tr-no_0714 2.jpg,0
Tr-no_0380 2.jpg,0
Tr-no_0751 2.jpg,0
Tr-no_1213.jpg,0
Tr-no_1574.jpg,0
no 97.jpg,0
Tr-no_1212.jpg,0
Tr-no_0569 2.jpg,0
Tr-no_0118.jpg,0
Tr-no_1206.jpg,0
Tr-no_1560.jpg,0
Tr-no_1569 2.jpg,0
Tr-no_1548.jpg,0
Tr-no_0656.jpg,0
Tr-no_1244 2.jpg,0
Tr-no_0130.jpg,0
Tr-no_1201 2.jpg,0
Tr-no_0124.jpg,0
Tr-no_0244 2.jpg,0
Tr-no_0695 2.jpg,0
y16.jpg,1
Tr-no_0201 2.jpg,0
Tr-no_0642.jpg,0
Tr-no_0871.jpg,0
y00035.jpg,1
Tr-no_0668 2.jpg,0
Te-no_0160.jpg,0
Te-no_0174.jpg,0
21 no.jpg,0
y00021.jpg,1
Tr-no_0865.jpg,0
Tr-no_1145 2.jpg,0
Tr-no_0695.jpg,0
Tr-no_1594 2.jpg,0
Tr-no_1100 2.jpg,0
y264.jpg,1
y270.jpg,1
Tr-no_0594 2.jpg,0
Te-no_0148.jpg,0
Tr-no_0145 2.jpg,0
Tr-no_0906 2.jpg,0
Tr-no_0681.jpg,0
Tr-no_0859.jpg,0
Tr-no_0100 2.jpg,0
Tr-no_0943 2.jpg,0
Tr-no_1010.jpg,0
y000520.jpg,1
Tr-no_0468.jpg,0
y00030 2.jpg,1
y493 2.jpg,1
Tr-no_0730 2.jpg,0
y000534.jpg,1
Tr-no_1004.jpg,0
Tr-no_0775 2.jpg,0
Tr-no_0058 2.jpg,0
Y27 2.jpg,1
Tr-no_0332.jpg,0
Tr-no_0489 2.jpg,0
Y62 2.jpg,1
Tr-no_0454.jpg,0
Tr-no_0440.jpg,0
y000508.jpg,1
Tr-no_1489 2.jpg,0
Tr-no_1058 2.jpg,0
42 no.jpg,0
Tr-no_1038.jpg,0
Te-no_0389.jpg,0
Tr-no_0326.jpg,0
Te-no_0362.jpg,0
Tr-no_1431 2.jpg,0
Te-no_0404.jpg,0
Tr-no_1474 2.jpg,0
Tr-no_0431 2.jpg,0
y343 2.jpg,1
y728.jpg,1
Tr-no_0474 2.jpg,0
y306 2.jpg,1
Te-no_0376.jpg,0
Tr-no_0788 2.jpg,0
Tr-no_0359 2.jpg,0
Tr-no_0497.jpg,0
No22.jpg,0
y714.jpg,1
Tr-no_1359 2.jpg,0
Tr-no_0483.jpg,0
Tr-no_1449 2.jpg,0
no 4 2.jpg,0
Tr-no_1098 2.jpg,0
Tr-no_1164.jpg,0
13 no 2.jpg,0
Tr-no_0098 2.jpg,0
Tr-no_0449 2.jpg,0
Tr-no_0508.jpg,0
12 no 2.jpg,0
Tr-no_1170.jpg,0
y453 2.jpg,1
Tr-no_0246.jpg,0
Tr-no_0321 2.jpg,0
Tr-no_1158.jpg,0
y416 2.jpg,1
Tr-no_0364 2.jpg,0
Tr-no_0520.jpg,0
Tr-no_0534.jpg,0
Tr-no_1321 2.jpg,0
Tr-no_0252.jpg,0
Tr-no_1364 2.jpg,0
Te-no_0216.jpg,0
Tr-no_1399 2.jpg,0
33 no.jpg,0
Tr-no_0748 2.jpg,0
Tr-no_0399 2.jpg,0
Te-no_0202.jpg,0
y383 2.jpg,1
y112.jpg,1
Tr-no_0863 2.jpg,0
Tr-no_0020 2.jpg,0
Tr-no_0285.jpg,0
Tr-no_0826 2.jpg,0
Tr-no_0065 2.jpg,0
Tr-no_1020 2.jpg,0
Tr-no_1065 2.jpg,0
Tr-no_0291.jpg,0
Y106.jpg,1
Tr-no_0284 2.jpg,0
y489.jpg,1
y000656.jpg,1
Tr-no_1400.jpg,0
y127 2.jpg,1
Tr-no_0655 2.jpg,0
Tr-no_1366.jpg,0
Tr-no_0078.jpg,0
y162 2.jpg,1
Tr-no_0610 2.jpg,0
Tr-no_1284 2.jpg,0
Tr-no_1372.jpg,0
y000642.jpg,1
Tr-no_1414.jpg,0
Tr-no_0722.jpg,0
50 no.jpg,0
Tr-no_0044.jpg,0
Tr-no_1178 2.jpg,0
Tr-no_0050.jpg,0
Tr-no_0178 2.jpg,0
Tr-no_0736.jpg,0
Tr-no_1428.jpg,0
Tr-no_0554 2.jpg,0
y226 2.jpg,1
Tr-no_0905.jpg,0
y000695.jpg,1
Tr-no_0185 2.jpg,0
Tr-no_0511 2.jpg,0
y263 2.jpg,1
Tr-no_0983 2.jpg,0
Te-no_0014.jpg,0
Tr-no_1185 2.jpg,0
Tr-no_1554 2.jpg,0
y338.jpg,1
Y8 2.jpg,1
Tr-no_1511 2.jpg,0
Tr-no_0911.jpg,0
y000681.jpg,1
y476.jpg,1
Tr-no_0939.jpg,0
Tr-no_1279 2.jpg,0
Tr-no_0087.jpg,0
Tr-no_1399.jpg,0
Te-no_0028.jpg,0
y310.jpg,1
y304.jpg,1
Tr-no_0093.jpg,0
y462.jpg,1
Tr-no_0279 2.jpg,0
y381 2.jpg,1
y312.jpg,1
Tr-no_0861 2.jpg,0
Tr-no_0022 2.jpg,0
Tr-no_0085.jpg,0
Tr-no_0824 2.jpg,0
y18 2.jpg,1
Tr-no_0067 2.jpg,0
y474.jpg,1
y460.jpg,1
Tr-no_1022 2.jpg,0
Tr-no_1067 2.jpg,0
Tr-no_0091.jpg,0
y306.jpg,1
Te-no_0016.jpg,0
y448.jpg,1
y000697.jpg,1
Tr-no_0907.jpg,0
y000683.jpg,1
Tr-no_0913.jpg,0
Tr-no_0323 2.jpg,0
Tr-no_0046.jpg,0
y451 2.jpg,1
Tr-no_1358.jpg,0
Tr-no_0366 2.jpg,0
y414 2.jpg,1
y000668.jpg,1
Tr-no_0720.jpg,0
Tr-no_0734.jpg,0
Tr-no_1323 2.jpg,0
Tr-no_1366 2.jpg,0
Tr-no_0052.jpg,0
Tr-no_1364.jpg,0
Tr-no_1402.jpg,0
y000654.jpg,1
Tr-no_1416.jpg,0
y339 2.jpg,1
Tr-no_0708.jpg,0
y000640.jpg,1
Tr-no_1370.jpg,0
Tr-no_0287.jpg,0
Tr-no_1199.jpg,0
Te-no_0228.jpg,0
y110.jpg,1
Y104.jpg,1
Tr-no_0293.jpg,0
y224 2.jpg,1
Tr-no_0556 2.jpg,0
Tr-no_0187 2.jpg,0
y261 2.jpg,1
Tr-no_0513 2.jpg,0
Tr-no_0981 2.jpg,0
27 no 2.jpg,0
Te-no_0214.jpg,0
Tr-no_1187 2.jpg,0
Te-no_0200.jpg,0
Tr-no_1556 2.jpg,0
y138.jpg,1
26 no 2.jpg,0
Tr-no_1513 2.jpg,0
Tr-no_0522.jpg,0
Tr-no_0244.jpg,0
Tr-no_0250.jpg,0
Tr-no_0939 2.jpg,0
Tr-no_0536.jpg,0
Tr-no_0286 2.jpg,0
Tr-no_0657 2.jpg,0
y125 2.jpg,1
Tr-no_1166.jpg,0
Tr-no_0278.jpg,0
Tr-no_0612 2.jpg,0
y160 2.jpg,1
Tr-no_1286 2.jpg,0
Tr-no_1172.jpg,0
Tr-no_1147 2.jpg,0
No20.jpg,0
y702.jpg,1
Tr-no_0495.jpg,0
Tr-no_1102 2.jpg,0
Tr-no_0596 2.jpg,0
Te-no_0348.jpg,0
Tr-no_0147 2.jpg,0
Tr-no_0904 2.jpg,0
Tr-no_0481.jpg,0
Tr-no_0102 2.jpg,0
y716.jpg,1
Tr-no_0941 2.jpg,0
y118 2.jpg,1
Te-no_0360.jpg,0
Te-no_0374.jpg,0
Tr-no_0456.jpg,0
Tr-no_1246 2.jpg,0
Tr-no_0330.jpg,0
Tr-no_1203 2.jpg,0
Tr-no_0324.jpg,0
Tr-no_0246 2.jpg,0
Tr-no_0697 2.jpg,0
Tr-no_0203 2.jpg,0
Tr-no_0442.jpg,0
y000522.jpg,1
Tr-no_1012.jpg,0
y219 2.jpg,1
Tr-no_0318.jpg,0
Tr-no_1006.jpg,0
y000536.jpg,1
y266.jpg,1
y429 2.jpg,1
Tr-no_1589.jpg,0
Tr-no_0697.jpg,0
Tr-no_0683.jpg,0
y272.jpg,1
Te-no_0162.jpg,0
Tr-no_1433 2.jpg,0
y00037.jpg,1
Tr-no_0873.jpg,0
Tr-no_1476 2.jpg,0
Tr-no_0867.jpg,0
y341 2.jpg,1
Tr-no_0433 2.jpg,0
y304 2.jpg,1
Tr-no_0476 2.jpg,0
Te-no_0176.jpg,0
Y25 2.jpg,1
Tr-no_0132.jpg,0
Tr-no_0819 2.jpg,0
Y60 2.jpg,1
Tr-no_0654.jpg,0
Tr-no_0640.jpg,0
Tr-no_0898.jpg,0
Y14.jpg,1
Tr-no_1238.jpg,0
Te-no_0189.jpg,0
Tr-no_0126.jpg,0
y299.jpg,1
y00077 2.jpg,1
Tr-no_1210.jpg,0
no 95.jpg,0
Tr-no_0668.jpg,0
Tr-no_1576.jpg,0
y00032 2.jpg,1
y491 2.jpg,1
Tr-no_0732 2.jpg,0
Tr-no_1562.jpg,0
Tr-no_1204.jpg,0
Tr-no_0777 2.jpg,0
Y28.jpg,1
Tr-no_1563.jpg,0
Tr-no_0998 2.jpg,0
y278 2.jpg,1
Y29.jpg,1
Tr-no_1205.jpg,0
Tr-no_1211.jpg,0
y298.jpg,1
Tr-no_1577.jpg,0
Tr-no_0669.jpg,0
no 94.jpg,0
Tr-no_0899.jpg,0
Tr-no_0641.jpg,0
2 no.jpg,0
Tr-no_1262 2.jpg,0
Tr-no_0127.jpg,0
Tr-no_1239.jpg,0
Te-no_0188.jpg,0
Y15.jpg,1
Tr-no_1227 2.jpg,0
Tr-no_0262 2.jpg,0
Tr-no_0133.jpg,0
Tr-no_0655.jpg,0
Tr-no_0227 2.jpg,0
y184 2.jpg,1
y000507 2.jpg,1
y00022.jpg,1
y179 2.jpg,1
Tr-no_0866.jpg,0
Te-no_0177.jpg,0
Te-no_0163.jpg,0
Tr-no_0872.jpg,0
Tr-no_0682.jpg,0
Tr-no_1163 2.jpg,0
y273.jpg,1
Tr-no_1126 2.jpg,0
y267.jpg,1
Tr-no_0163 2.jpg,0
Tr-no_0920 2.jpg,0
y285 2.jpg,1
Tr-no_0126 2.jpg,0
Tr-no_0696.jpg,0
Tr-no_1588.jpg,0
Tr-no_0965 2.jpg,0
Tr-no_1007.jpg,0
Tr-no_0319.jpg,0
y00053 2.jpg,1
y000537.jpg,1
Tr-no_1382 2.jpg,0
y000523.jpg,1
Tr-no_0716 2.jpg,0
Tr-no_0382 2.jpg,0
Tr-no_1013.jpg,0
Tr-no_0753 2.jpg,0
Tr-no_0325.jpg,0
y44 2.jpg,1
Tr-no_0443.jpg,0
Tr-no_0878 2.jpg,0
y398 2.jpg,1
Tr-noTr_0009 2.jpg,0
Tr-no_0457.jpg,0
Tr-no_0331.jpg,0
Tr-no_1417 2.jpg,0
Te-no_0375.jpg,0
Tr-no_1083 2.jpg,0
Tr-no_1452 2.jpg,0
19 no 2.jpg,0
Tr-no_0417 2.jpg,0
y365 2.jpg,1
Tr-no_0885 2.jpg,0
18 no 2.jpg,0
Tr-no_0452 2.jpg,0
y320 2.jpg,1
Te-no_0361.jpg,0
Tr-no_0083 2.jpg,0
Te-no_0349.jpg,0
y717.jpg,1
y448 2.jpg,1
Tr-no_0480.jpg,0
Tr-no_0494.jpg,0
No21.jpg,0
y703.jpg,1
Tr-no_1173.jpg,0
y84 2.jpg,1
y358 2.jpg,1
Tr-no_0279.jpg,0
Tr-no_1167.jpg,0
y475 2.jpg,1
Tr-no_0307 2.jpg,0
Tr-no_0251.jpg,0
y430 2.jpg,1
Tr-no_0342 2.jpg,0
Tr-no_0537.jpg,0
Tr-no_0793 2.jpg,0
Tr-no_1307 2.jpg,0
Tr-no_0523.jpg,0
Tr-no_0245.jpg,0
Tr-no_1342 2.jpg,0
y139.jpg,1
Te-no_0201.jpg,0
Te-no_0215.jpg,0
y488 2.jpg,1
1 no 2.jpg,0
Tr-no_0292.jpg,0
Y105.jpg,1
Tr-no_0845 2.jpg,0
Y79 2.jpg,1
Tr-no_0492 2.jpg,0
Tr-no_0800 2.jpg,0
Tr-no_0043 2.jpg,0
Tr-no_1006 2.jpg,0
y111.jpg,1
Tr-no_1043 2.jpg,0
Tr-no_1198.jpg,0
Te-no_0229.jpg,0
Tr-no_1492 2.jpg,0
Tr-no_0286.jpg,0
y000641.jpg,1
Tr-no_0709.jpg,0
Tr-no_1417.jpg,0
Y101 2.jpg,1
Tr-no_0673 2.jpg,0
Tr-no_1371.jpg,0
y144 2.jpg,1
Tr-no_0636 2.jpg,0
Tr-no_1365.jpg,0
y000655.jpg,1
Tr-no_1403.jpg,0
50 no 2.jpg,0
Tr-no_0735.jpg,0
Tr-no_0053.jpg,0
Tr-no_0958 2.jpg,0
Tr-no_1359.jpg,0
Tr-no_0047.jpg,0
Tr-no_0721.jpg,0
y000669.jpg,1
Tr-no_0572 2.jpg,0
y200 2.jpg,1
Tr-no_0912.jpg,0
y000682.jpg,1
Tr-no_0537 2.jpg,0
y245 2.jpg,1
Tr-no_1572 2.jpg,0
Te-no_0017.jpg,0
Tr-no_0906.jpg,0
y000696.jpg,1
Tr-no_1537 2.jpg,0
y449.jpg,1
y461.jpg,1
y307.jpg,1
Tr-no_0090.jpg,0
Tr-no_0084.jpg,0
y313.jpg,1
y475.jpg,1
y348.jpg,1
Te-no_0070.jpg,0
37 no.jpg,0
Tr-no_0961.jpg,0
Tr-no_0708 2.jpg,0
Tr-no_0975.jpg,0
Te-no_0064.jpg,0
Tr-no_0060 2.jpg,0
y374.jpg,1
Tr-no_0823 2.jpg,0
y386 2.jpg,1
y412.jpg,1
Tr-no_0025 2.jpg,0
Tr-no_0785.jpg,0
Tr-no_0866 2.jpg,0
Tr-no_1060 2.jpg,0
Tr-no_0791.jpg,0
Tr-no_0949.jpg,0
y406.jpg,1
y360.jpg,1
Tr-no_1025 2.jpg,0
Te-no_0058.jpg,0
Tr-no_1409 2.jpg,0
Tr-no_1302.jpg,0
Tr-no_1464.jpg,0
y000632.jpg,1
no 1 2.jpg,0
Tr-no_1470.jpg,0
y000626.jpg,1
Tr-no_0409 2.jpg,0
Tr-no_1316.jpg,0
y413 2.jpg,1
Tr-no_0361 2.jpg,0
Tr-no_0020.jpg,0
Tr-no_1458.jpg,0
N6.jpg,0
y456 2.jpg,1
Tr-no_0746.jpg,0
Tr-no_0324 2.jpg,0
Tr-no_0752.jpg,0
Tr-no_1361 2.jpg,0
Tr-no_0034.jpg,0
Tr-noTr_0007.jpg,0
Tr-no_1324 2.jpg,0
Tr-no_0514 2.jpg,0
y266 2.jpg,1
Tr-no_0986 2.jpg,0
Te-no_0272.jpg,0
Tr-no_0551 2.jpg,0
y223 2.jpg,1
Tr-no_0180 2.jpg,0
Te-no_0266.jpg,0
Tr-no_1514 2.jpg,0
Tr-no_1180 2.jpg,0
Tr-no_1551 2.jpg,0
29 no.jpg,0
Tr-no_0587.jpg,0
y176.jpg,1
Tr-no_1239 2.jpg,0
Y162.jpg,1
Tr-no_0239 2.jpg,0
Tr-no_0593.jpg,0
Tr-no_0578.jpg,0
y167 2.jpg,1
Tr-no_0615 2.jpg,0
y189.jpg,1
Tr-no_0281 2.jpg,0
Tr-no_1100.jpg,0
y122 2.jpg,1
Tr-no_0650 2.jpg,0
Tr-no_1114.jpg,0
Tr-no_1281 2.jpg,0
Tr-no_0544.jpg,0
Tr-no_0222.jpg,0
Tr-no_1138 2.jpg,0
Tr-no_1128.jpg,0
Te-no_0299.jpg,0
Tr-no_0236.jpg,0
Tr-no_0550.jpg,0
Tr-no_0138 2.jpg,0
y758.jpg,1
y000587.jpg,1
Te-no_0306.jpg,0
Tr-no_0628 2.jpg,0
y000108 2.jpg,1
25 no.jpg,0
Te-no_0312.jpg,0
y000593.jpg,1
Tr-no_1105 2.jpg,0
y764.jpg,1
Tr-no_1140 2.jpg,0
Tr-no_1591 2.jpg,0
Tr-no_0395.jpg,0
Tr-no_0381.jpg,0
Tr-no_0946 2.jpg,0
Tr-no_0105 2.jpg,0
Tr-no_0591 2.jpg,0
y770.jpg,1
Tr-no_0903 2.jpg,0
Tr-no_0140 2.jpg,0
y000544.jpg,1
Tr-no_0529 2.jpg,0
Tr-no_1074.jpg,0
Tr-no_1060.jpg,0
Tr-no_1529 2.jpg,0
Tr-no_0418.jpg,0
y000550.jpg,1
Tr-no_1204 2.jpg,0
y000578.jpg,1
Tr-no_0430.jpg,0
Tr-no_0356.jpg,0
Tr-no_1048.jpg,0
Tr-no_1241 2.jpg,0
Tr-no_0204 2.jpg,0
Tr-no_0342.jpg,0
Tr-no_0241 2.jpg,0
Tr-no_0424.jpg,0
Tr-no_0690 2.jpg,0
y99.jpg,1
Tr-no_1471 2.jpg,0
Te-no_0104.jpg,0
Tr-no_0815.jpg,0
Tr-no_1434 2.jpg,0
y00051.jpg,1
Tr-no_0471 2.jpg,0
y303 2.jpg,1
Tr-no_0801.jpg,0
Tr-no_0434 2.jpg,0
y346 2.jpg,1
Te-no_0110.jpg,0
y228.jpg,1
Tr-no_0197.jpg,0
Tr-no_1289.jpg,0
Te-no_0138.jpg,0
Tr-no_0319 2.jpg,0
y200.jpg,1
Tr-no_0829.jpg,0
Tr-no_1319 2.jpg,0
y00079.jpg,1
y214.jpg,1
Tr-no_0183.jpg,0
Tr-no_1276.jpg,0
Tr-no_0168.jpg,0
y00035 2.jpg,1
y00092.jpg,1
y00070 2.jpg,1
Tr-no_1510.jpg,0
Tr-no_1504.jpg,0
Tr-no_0770 2.jpg,0
y496 2.jpg,1
Tr-no_1262.jpg,0
Tr-no_0735 2.jpg,0
y66.jpg,1
y67 2.jpg,1
Tr-no_0018 2.jpg,0
Tr-no_0154.jpg,0
Tr-no_0632.jpg,0
Y22 2.jpg,1
no 3.jpg,0
Tr-no_0626.jpg,0
Tr-no_1018 2.jpg,0
Tr-no_1538.jpg,0
46 no.jpg,0
Tr-no_0140.jpg,0
y72.jpg,1
Tr-no_1539.jpg,0
Tr-no_0627.jpg,0
Tr-no_1220 2.jpg,0
Y73.jpg,1
Tr-no_0141.jpg,0
Tr-no_1265 2.jpg,0
Tr-no_0155.jpg,0
Tr-no_0220 2.jpg,0
y67.jpg,1
y000500 2.jpg,1
y183 2.jpg,1
Tr-no_0265 2.jpg,0
no 2.jpg,0
Tr-no_0633.jpg,0
Tr-no_0199 2.jpg,0
Tr-no_1505.jpg,0
Tr-no_0548 2.jpg,0
Tr-no_1263.jpg,0
Tr-no_1548 2.jpg,0
Tr-no_0169.jpg,0
Tr-no_1199 2.jpg,0
Tr-no_1277.jpg,0
Tr-no_1511.jpg,0
13 no.jpg,0
y00078.jpg,1
Tr-no_1121 2.jpg,0
Tr-no_0182.jpg,0
Tr-no_1164 2.jpg,0
y215.jpg,1
y282 2.jpg,1
y201.jpg,1
Tr-no_0962 2.jpg,0
Tr-no_1288.jpg,0
Te-no_0139.jpg,0
Tr-no_0196.jpg,0
Tr-no_0121 2.jpg,0
Tr-no_0828.jpg,0
Tr-no_0927 2.jpg,0
Tr-no_0164 2.jpg,0
Tr-no_0649 2.jpg,0
Tr-no_0800.jpg,0
Tr-no_0298 2.jpg,0
y229.jpg,1
Te-no_0111.jpg,0
Tr-no_1298 2.jpg,0
Te-no_0105.jpg,0
y98.jpg,1
Tr-no_0814.jpg,0
y43 2.jpg,1
Tr-no_0343.jpg,0
Tr-no_0079 2.jpg,0
Tr-no_0425.jpg,0
Tr-no_0431.jpg,0
y000579.jpg,1
Tr-no_1049.jpg,0
Tr-no_1079 2.jpg,0
Tr-no_0357.jpg,0
Tr-no_1385 2.jpg,0
Tr-no_1061.jpg,0
y00011 2.jpg,1
y000551.jpg,1
Tr-no_0419.jpg,0
y00054 2.jpg,1
Tr-no_0385 2.jpg,0
y000545.jpg,1
Tr-no_0754 2.jpg,0
Tr-no_1075.jpg,0
Tr-no_0711 2.jpg,0
Tr-no_0380.jpg,0
y771.jpg,1
Tr-no_0378 2.jpg,0
y765.jpg,1
Tr-no_1378 2.jpg,0
Tr-no_0394.jpg,0
Te-no_0313.jpg,0
Tr-no_1084 2.jpg,0
Tr-no_1455 2.jpg,0
Tr-no_1410 2.jpg,0
y000592.jpg,1
y327 2.jpg,1
Tr-no_0455 2.jpg,0
y0007 2.jpg,1
y000586.jpg,1
y759.jpg,1
Tr-no_0084 2.jpg,0
y362 2.jpg,1
Tr-no_0410 2.jpg,0
Tr-no_0882 2.jpg,0
Te-no_0307.jpg,0
Tr-no_0237.jpg,0
Tr-no_0345 2.jpg,0
y437 2.jpg,1
Tr-no_1129.jpg,0
Te-no_0298.jpg,0
Tr-no_0794 2.jpg,0
Tr-no_0300 2.jpg,0
y472 2.jpg,1
Tr-no_0551.jpg,0
Tr-no_0545.jpg,0
Tr-no_1345 2.jpg,0
Tr-no_0223.jpg,0
Tr-no_1300 2.jpg,0
Tr-no_1115.jpg,0
Tr-no_1468 2.jpg,0
y83 2.jpg,1
Tr-no_0579.jpg,0
Tr-no_1101.jpg,0
Tr-no_0468 2.jpg,0
Y188.jpg,1
Tr-no_0495 2.jpg,0
Tr-no_0044 2.jpg,0
Tr-no_0807 2.jpg,0
Tr-no_0592.jpg,0
Tr-no_0842 2.jpg,0
Tr-no_1044 2.jpg,0
Tr-no_0586.jpg,0
Tr-no_1495 2.jpg,0
Tr-no_1001 2.jpg,0
y177.jpg,1
y00069 2.jpg,1
Te-no_0267.jpg,0
Tr-no_0769 2.jpg,0
Te-no_0273.jpg,0
Tr-no_0753.jpg,0
Tr-no_1588 2.jpg,0
Tr-no_1159 2.jpg,0
14 no 2.jpg,0
Tr-noTr_0006.jpg,0
Tr-no_0035.jpg,0
Tr-no_0159 2.jpg,0
Tr-no_0021.jpg,0
Tr-no_0588 2.jpg,0
Tr-no_0747.jpg,0
Tr-no_1459.jpg,0
15 no 2.jpg,0
Tr-no_0631 2.jpg,0
y000627.jpg,1
y143 2.jpg,1
Tr-no_1471.jpg,0
Tr-no_1317.jpg,0
Tr-no_0674 2.jpg,0
Y106 2.jpg,1
Tr-no_1303.jpg,0
y000633.jpg,1
Tr-no_1465.jpg,0
y407.jpg,1
Tr-no_1258 2.jpg,0
Tr-no_0948.jpg,0
Tr-no_0790.jpg,0
Te-no_0059.jpg,0
y361.jpg,1
Tr-no_0689 2.jpg,0
y375.jpg,1
Tr-no_0258 2.jpg,0
Tr-no_0784.jpg,0
y413.jpg,1
Tr-no_0974.jpg,0
y242 2.jpg,1
Tr-no_0530 2.jpg,0
y207 2.jpg,1
Tr-no_0575 2.jpg,0
Te-no_0065.jpg,0
Te-no_0071.jpg,0
y349.jpg,1
Tr-no_1530 2.jpg,0
Tr-no_0960.jpg,0
Tr-no_1575 2.jpg,0
Te-no_0067.jpg,0
y439.jpg,1
Tr-no_0976.jpg,0
Tr-no_0962.jpg,0
Te-no_0073.jpg,0
y363.jpg,1
Tr-no_0497 2.jpg,0
Y39 2.jpg,1
Tr-no_0046 2.jpg,0
Tr-no_0805 2.jpg,0
20 no 2.jpg,0
Tr-no_0792.jpg,0
y405.jpg,1
Tr-no_0840 2.jpg,0
Tr-no_1046 2.jpg,0
y411.jpg,1
Tr-no_0786.jpg,0
Tr-no_1498.jpg,0
Tr-no_1497 2.jpg,0
Tr-no_1003 2.jpg,0
21 no 2.jpg,0
y377.jpg,1
Tr-no_1315.jpg,0
Tr-no_1473.jpg,0
y000625.jpg,1
Y81 2.jpg,1
Tr-no_1467.jpg,0
Tr-no_0779.jpg,0
y000631.jpg,1
Tr-no_1301.jpg,0
y318 2.jpg,1
y388.jpg,1
Tr-no_0037.jpg,0
y435 2.jpg,1
Tr-no_0347 2.jpg,0
Tr-noTr_0004.jpg,0
Tr-no_1329.jpg,0
Te-no_0098.jpg,0
Tr-no_0796 2.jpg,0
y470 2.jpg,1
Tr-no_0302 2.jpg,0
Tr-no_0989.jpg,0
y000619.jpg,1
Tr-no_0751.jpg,0
N5.jpg,0
Tr-no_0745.jpg,0
Tr-no_1347 2.jpg,0
Tr-no_0023.jpg,0
y00096 2.jpg,1
Tr-no_1302 2.jpg,0
Tr-no_0532 2.jpg,0
y240 2.jpg,1
Tr-no_0577 2.jpg,0
y205 2.jpg,1
Te-no_0265.jpg,0
Te-no_0271.jpg,0
Tr-no_1532 2.jpg,0
y149.jpg,1
Tr-no_1577 2.jpg,0
Tr-no_0590.jpg,0
Te-no_0259.jpg,0
y175.jpg,1
Tr-no_0584.jpg,0
y141 2.jpg,1
Tr-no_0633 2.jpg,0
Tr-no_1117.jpg,0
Tr-no_0209.jpg,0
Y104 2.jpg,1
Tr-no_0676 2.jpg,0
Tr-no_1103.jpg,0
Tr-no_0553.jpg,0
Tr-no_0235.jpg,0
Tr-no_0918 2.jpg,0
Tr-no_0221.jpg,0
Tr-no_0547.jpg,0
y000590.jpg,1
y139 2.jpg,1
Te-no_0311.jpg,0
Te-no_0305.jpg,0
y000584.jpg,1
y773.jpg,1
Tr-no_1123 2.jpg,0
Tr-no_0382.jpg,0
Tr-no_1166 2.jpg,0
y280 2.jpg,1
Tr-no_1088.jpg,0
Te-no_0339.jpg,0
Tr-no_0960 2.jpg,0
Tr-no_0123 2.jpg,0
Tr-no_0396.jpg,0
Tr-no_0925 2.jpg,0
y767.jpg,1
Tr-no_0166 2.jpg,0
y238 2.jpg,1
y000553.jpg,1
Tr-no_1063.jpg,0
Tr-no_0369.jpg,0
Tr-no_1077.jpg,0
y000547.jpg,1
y798.jpg,1
Tr-no_0427.jpg,0
Tr-no_1222 2.jpg,0
6 no.jpg,0
Tr-no_0341.jpg,0
Tr-no_1267 2.jpg,0
Tr-no_0355.jpg,0
Tr-no_0222 2.jpg,0
y000502 2.jpg,1
y181 2.jpg,1
Tr-no_0267 2.jpg,0
Tr-no_0433.jpg,0
Te-no_0113.jpg,0
Tr-no_1086 2.jpg,0
Tr-no_1457 2.jpg,0
y00046.jpg,1
Tr-no_1412 2.jpg,0
Tr-no_0802.jpg,0
Tr-no_0816.jpg,0
Tr-no_0457 2.jpg,0
y325 2.jpg,1
y00052.jpg,1
Tr-no_0086 2.jpg,0
Tr-no_0412 2.jpg,0
y360 2.jpg,1
Tr-no_0880 2.jpg,0
Te-no_0107.jpg,0
y217.jpg,1
Tr-no_0180.jpg,0
y408 2.jpg,1
Tr-no_0194.jpg,0
y203.jpg,1
Tr-no_1387 2.jpg,0
Tr-no_1261.jpg,0
y00013 2.jpg,1
Tr-no_0619.jpg,0
Tr-no_1507.jpg,0
y00056 2.jpg,1
y00091.jpg,1
Tr-no_0387 2.jpg,0
Tr-no_1513.jpg,0
Tr-no_0756 2.jpg,0
Tr-no_1275.jpg,0
y59.jpg,1
Tr-no_0713 2.jpg,0
Y41 2.jpg,1
Tr-no_0143.jpg,0
y71.jpg,1
Tr-no_0838 2.jpg,0
Tr-no_0625.jpg,0
Tr-no_0631.jpg,0
y65.jpg,1
Tr-no_1249.jpg,0
Tr-no_0157.jpg,0
no 1.jpg,0
Tr-no_1206 2.jpg,0
Tr-no_0630.jpg,0
Tr-no_0156.jpg,0
Tr-no_1248.jpg,0
Tr-no_1243 2.jpg,0
y64.jpg,1
Y70.jpg,1
Tr-no_0206 2.jpg,0
Tr-no_0142.jpg,0
Tr-no_0243 2.jpg,0
Tr-no_0624.jpg,0
Tr-no_0692 2.jpg,0
Tr-no_1512.jpg,0
y00090.jpg,1
y58.jpg,1
y259 2.jpg,1
Tr-no_1274.jpg,0
Tr-no_1260.jpg,0
Tr-no_1506.jpg,0
Tr-no_0618.jpg,0
Tr-no_1107 2.jpg,0
y202.jpg,1
Tr-no_1142 2.jpg,0
Tr-no_1593 2.jpg,0
Tr-no_0195.jpg,0
Tr-no_0181.jpg,0
y216.jpg,1
Tr-no_0944 2.jpg,0
Tr-no_0107 2.jpg,0
Tr-no_0593 2.jpg,0
Tr-no_0901 2.jpg,0
Tr-no_0142 2.jpg,0
y00053.jpg,1
Tr-no_0817.jpg,0
Te-no_0106.jpg,0
y158 2.jpg,1
Te-no_0112.jpg,0
Tr-no_0803.jpg,0
Tr-no_0859 2.jpg,0
y65 2.jpg,1
Tr-no_0354.jpg,0
Tr-no_0432.jpg,0
Y20 2.jpg,1
Tr-no_0426.jpg,0
Tr-no_0340.jpg,0
Tr-no_1076.jpg,0
Tr-no_0368.jpg,0
y00037 2.jpg,1
y799.jpg,1
y000546.jpg,1
y000552.jpg,1
Tr-no_0772 2.jpg,0
y494 2.jpg,1
Tr-no_1062.jpg,0
Tr-no_0737 2.jpg,0
Tr-no_0397.jpg,0
Tr-no_1089.jpg,0
Te-no_0338.jpg,0
y469 2.jpg,1
y766.jpg,1
y772.jpg,1
Tr-no_0383.jpg,0
Tr-no_1473 2.jpg,0
Te-no_0304.jpg,0
y000585.jpg,1
Tr-no_1436 2.jpg,0
y301 2.jpg,1
Tr-no_0473 2.jpg,0
y000591.jpg,1
y344 2.jpg,1
Tr-no_0436 2.jpg,0
Te-no_0310.jpg,0
y98 2.jpg,1
Tr-no_0363 2.jpg,0
y411 2.jpg,1
Tr-no_0220.jpg,0
Tr-no_0326 2.jpg,0
Tr-no_0546.jpg,0
y454 2.jpg,1
Tr-no_1363 2.jpg,0
Tr-no_0552.jpg,0
Tr-no_0234.jpg,0
Tr-no_1326 2.jpg,0
Tr-no_1102.jpg,0
no 3 2.jpg,0
Tr-no_0899 2.jpg,0
y379 2.jpg,1
Tr-no_0208.jpg,0
Tr-no_1116.jpg,0
Tr-no_0062 2.jpg,0
y174.jpg,1
Tr-no_0821 2.jpg,0
y384 2.jpg,1
Tr-no_0027 2.jpg,0
Tr-no_0585.jpg,0
y58 2.jpg,1
Tr-no_0864 2.jpg,0
Tr-no_1062 2.jpg,0
Tr-no_0591.jpg,0
Tr-no_1027 2.jpg,0
Te-no_0258.jpg,0
Te-no_0270.jpg,0
Te-no_0264.jpg,0
Tr-no_0744.jpg,0
Tr-no_0022.jpg,0
Tr-no_1328.jpg,0
Te-no_0099.jpg,0
Tr-noTr_0005.jpg,0
Tr-no_0036.jpg,0
Tr-no_0750.jpg,0
y000618.jpg,1
Tr-no_0988.jpg,0
Tr-no_0979 2.jpg,0
y299 2.jpg,1
y000630.jpg,1
Tr-no_0778.jpg,0
Tr-no_1466.jpg,0
Tr-no_0617 2.jpg,0
y165 2.jpg,1
y389.jpg,1
Tr-no_0283 2.jpg,0
Tr-no_1300.jpg,0
Tr-no_0652 2.jpg,0
y120 2.jpg,1
Tr-no_1314.jpg,0
y000624.jpg,1
Tr-no_1283 2.jpg,0
Tr-no_1472.jpg,0
Tr-no_1499.jpg,0
Tr-no_0787.jpg,0
y410.jpg,1
y376.jpg,1
y362.jpg,1
y198 2.jpg,1
y404.jpg,1
Tr-no_0793.jpg,0
y264 2.jpg,1
Tr-no_0516 2.jpg,0
Tr-no_0963.jpg,0
Tr-no_0984 2.jpg,0
6 no 2.jpg,0
y221 2.jpg,1
Te-no_0072.jpg,0
Tr-no_0553 2.jpg,0
Tr-no_0182 2.jpg,0
7 no 2.jpg,0
Te-no_0066.jpg,0
Tr-no_1516 2.jpg,0
Tr-no_0977.jpg,0
Tr-no_1182 2.jpg,0
y438.jpg,1
Tr-no_1553 2.jpg,0
Tr-no_0797.jpg,0
Tr-no_1489.jpg,0
y400.jpg,1
y366.jpg,1
y428 2.jpg,1
y372.jpg,1
y414.jpg,1
Tr-no_0783.jpg,0
Tr-no_1477 2.jpg,0
Tr-no_0973.jpg,0
Te-no_0062.jpg,0
Tr-no_1432 2.jpg,0
y305 2.jpg,1
Tr-no_0477 2.jpg,0
Te-no_0076.jpg,0
y340 2.jpg,1
Tr-no_0432 2.jpg,0
Tr-no_0967.jpg,0
y428.jpg,1
Y61 2.jpg,1
Tr-no_0754.jpg,0
Tr-no_0818 2.jpg,0
Tr-no_0032.jpg,0
Tr-noTr_0001.jpg,0
Y24 2.jpg,1
Tr-no_0026.jpg,0
Tr-no_1338.jpg,0
Te-no_0089.jpg,0
Tr-no_0998.jpg,0
y000608.jpg,1
Tr-no_0740.jpg,0
Tr-no_1476.jpg,0
Tr-no_0768.jpg,0
y000620.jpg,1
y00033 2.jpg,1
y399.jpg,1
Tr-no_1310.jpg,0
y00076 2.jpg,1
Tr-no_1304.jpg,0
Tr-no_0776 2.jpg,0
y490 2.jpg,1
Tr-no_1462.jpg,0
y000634.jpg,1
Tr-no_0733 2.jpg,0
Tr-no_1103 2.jpg,0
Tr-no_1146 2.jpg,0
Tr-no_0595.jpg,0
Tr-no_0581.jpg,0
Tr-no_0940 2.jpg,0
Tr-no_0103 2.jpg,0
Tr-no_0597 2.jpg,0
Tr-no_0905 2.jpg,0
Tr-no_0146 2.jpg,0
Te-no_0248.jpg,0
y119 2.jpg,1
Te-no_0260.jpg,0
Y9.jpg,1
Te-no_0274.jpg,0
4 no.jpg,0
Tr-no_1202 2.jpg,0
Tr-no_0230.jpg,0
Tr-no_0556.jpg,0
Tr-no_1247 2.jpg,0
Tr-no_0202 2.jpg,0
Tr-no_0542.jpg,0
Tr-no_0247 2.jpg,0
Tr-no_0224.jpg,0
Tr-no_0696 2.jpg,0
Tr-no_1112.jpg,0
y218 2.jpg,1
Tr-no_1106.jpg,0
Tr-no_0218.jpg,0
Tr-no_1099.jpg,0
Te-no_0328.jpg,0
Tr-no_0387.jpg,0
y776.jpg,1
y762.jpg,1
Tr-no_0393.jpg,0
y260 2.jpg,1
Tr-no_0512 2.jpg,0
Te-no_0314.jpg,0
Tr-no_0980 2.jpg,0
y000595.jpg,1
y225 2.jpg,1
Tr-no_0557 2.jpg,0
Tr-no_0186 2.jpg,0
y000581.jpg,1
Tr-no_1512 2.jpg,0
Tr-no_1186 2.jpg,0
Te-no_0300.jpg,0
Tr-no_1557 2.jpg,0
Tr-no_0344.jpg,0
Tr-no_0422.jpg,0
Tr-no_0938 2.jpg,0
Tr-no_0436.jpg,0
Tr-no_0350.jpg,0
Tr-no_0378.jpg,0
Tr-no_1066.jpg,0
Tr-no_0613 2.jpg,0
y161 2.jpg,1
y789.jpg,1
Tr-no_0287 2.jpg,0
Tr-no_0656 2.jpg,0
y124 2.jpg,1
y000556.jpg,1
y000542.jpg,1
8 no.jpg,0
Te-noTr_0008.jpg,0
Tr-no_1072.jpg,0
Tr-no_1287 2.jpg,0
Tr-no_0066 2.jpg,0
y19 2.jpg,1
Tr-no_0825 2.jpg,0
y380 2.jpg,1
y212.jpg,1
Tr-no_0185.jpg,0
Tr-no_0023 2.jpg,0
Tr-no_0860 2.jpg,0
Tr-no_0191.jpg,0
Tr-no_1066 2.jpg,0
y206.jpg,1
Tr-no_1023 2.jpg,0
Tr-no_0807.jpg,0
Te-no_0116.jpg,0
Te-no_0102.jpg,0
Tr-no_0813.jpg,0
Tr-no_0367 2.jpg,0
y415 2.jpg,1
Tr-no_0620.jpg,0
Tr-no_1258.jpg,0
Tr-no_0322 2.jpg,0
Tr-no_0146.jpg,0
y450 2.jpg,1
Y74.jpg,1
Y60.jpg,1
Tr-no_1367 2.jpg,0
Tr-no_0152.jpg,0
Tr-no_0634.jpg,0
no 5.jpg,0
Tr-no_1322 2.jpg,0
Tr-no_1502.jpg,0
y48.jpg,1
Tr-no_1264.jpg,0
Tr-no_1270.jpg,0
Tr-no_0608.jpg,0
Tr-no_1516.jpg,0
y338 2.jpg,1
y145 2.jpg,1
Tr-no_0637 2.jpg,0
Tr-no_1271.jpg,0
Tr-no_1517.jpg,0
Tr-no_0609.jpg,0
y100 2.jpg,1
Tr-no_0672 2.jpg,0
y00095.jpg,1
y00081.jpg,1
Tr-no_1503.jpg,0
Tr-no_1265.jpg,0
y49.jpg,1
Tr-no_0153.jpg,0
Y61.jpg,1
N6 2.jpg,0
no 4.jpg,0
Tr-no_0635.jpg,0
Tr-no_0621.jpg,0
y75.jpg,1
Tr-no_0959 2.jpg,0
Tr-no_0147.jpg,0
Tr-no_1259.jpg,0
Te-no_0103.jpg,0
Tr-no_0536 2.jpg,0
y244 2.jpg,1
y00056.jpg,1
Tr-no_0573 2.jpg,0
y201 2.jpg,1
Tr-no_0812.jpg,0
Tr-no_0806.jpg,0
y00042.jpg,1
Tr-no_1536 2.jpg,0
Te-no_0117.jpg,0
Tr-no_1573 2.jpg,0
y207.jpg,1
Tr-no_0190.jpg,0
Tr-no_0184.jpg,0
y213.jpg,1
y000543.jpg,1
Tr-no_1073.jpg,0
Te-noTr_0009.jpg,0
y85 2.jpg,1
Tr-no_1067.jpg,0
Tr-no_0379.jpg,0
y359 2.jpg,1
y000557.jpg,1
y788.jpg,1
Tr-no_0437.jpg,0
y431 2.jpg,1
Tr-no_0343 2.jpg,0
Tr-no_0792 2.jpg,0
y474 2.jpg,1
Tr-no_0306 2.jpg,0
Tr-no_0351.jpg,0
Tr-no_0345.jpg,0
Tr-no_1343 2.jpg,0
y00092 2.jpg,1
Tr-no_0423.jpg,0
Tr-no_1306 2.jpg,0
y000580.jpg,1
Te-no_0301.jpg,0
Te-no_0315.jpg,0
y489 2.jpg,1
y000594.jpg,1
y763.jpg,1
Tr-no_0493 2.jpg,0
Tr-no_0042 2.jpg,0
Tr-no_0801 2.jpg,0
Tr-no_0392.jpg,0
Y78 2.jpg,1
Tr-no_0844 2.jpg,0
Tr-no_1042 2.jpg,0
Tr-no_0386.jpg,0
Tr-no_1098.jpg,0
Tr-no_1493 2.jpg,0
Te-no_0329.jpg,0
Tr-no_1007 2.jpg,0
y777.jpg,1
N21 2.jpg,0
Tr-no_1383 2.jpg,0
y00017 2.jpg,1
Tr-no_0219.jpg,0
Tr-no_1107.jpg,0
y00052 2.jpg,1
Tr-no_0383 2.jpg,0
Tr-no_1113.jpg,0
Tr-no_0752 2.jpg,0
Tr-no_0717 2.jpg,0
Tr-no_0879 2.jpg,0
Tr-no_0543.jpg,0
y45 2.jpg,1
y399 2.jpg,1
Tr-no_0225.jpg,0
Tr-no_0231.jpg,0
Tr-noTr_0008 2.jpg,0
Tr-no_0557.jpg,0
Y8.jpg,1
Tr-no_1082 2.jpg,0
Tr-no_1453 2.jpg,0
Te-no_0275.jpg,0
Tr-no_1416 2.jpg,0
Te-no_0261.jpg,0
y0001 2.jpg,1
Tr-no_0453 2.jpg,0
y321 2.jpg,1
Tr-no_0082 2.jpg,0
Tr-no_0416 2.jpg,0
y364 2.jpg,1
Tr-no_0884 2.jpg,0
Tr-no_0580.jpg,0
y449 2.jpg,1
Te-no_0249.jpg,0
y171.jpg,1
Tr-no_0594.jpg,0
Tr-no_1305.jpg,0
Tr-no_0999 2.jpg,0
y000635.jpg,1
Tr-no_1463.jpg,0
y279 2.jpg,1
y000621.jpg,1
Tr-no_0769.jpg,0
Tr-no_1477.jpg,0
Tr-no_1311.jpg,0
y398.jpg,1
Tr-no_1339.jpg,0
Te-no_0088.jpg,0
Tr-no_0027.jpg,0
Tr-no_1226 2.jpg,0
Tr-no_1263 2.jpg,0
Tr-no_0741.jpg,0
y000609.jpg,1
N1.jpg,0
Tr-no_0999.jpg,0
Tr-no_0226 2.jpg,0
Tr-no_0755.jpg,0
y000506 2.jpg,1
y185 2.jpg,1
Tr-no_0263 2.jpg,0
Tr-noTr_0000.jpg,0
Tr-no_0033.jpg,0
Te-no_0077.jpg,0
y429.jpg,1
y178 2.jpg,1
Tr-no_0966.jpg,0
Tr-no_0972.jpg,0
Te-no_0063.jpg,0
Tr-no_1127 2.jpg,0
y373.jpg,1
Tr-no_0782.jpg,0
Tr-no_1162 2.jpg,0
y415.jpg,1
y401.jpg,1
y284 2.jpg,1
Tr-no_1488.jpg,0
Tr-no_0964 2.jpg,0
Tr-no_0127 2.jpg,0
Tr-no_0796.jpg,0
Tr-no_0921 2.jpg,0
Tr-no_0162 2.jpg,0
y367.jpg,1
y417.jpg,1
Tr-no_0780.jpg,0
Tr-no_0339 2.jpg,0
Tr-no_0958.jpg,0
Te-no_0049.jpg,0
y371.jpg,1
y365.jpg,1
Tr-no_1339 2.jpg,0
Tr-no_0794.jpg,0
39 no.jpg,0
y403.jpg,1
Tr-no_1080 2.jpg,0
Tr-no_0964.jpg,0
Tr-no_1451 2.jpg,0
Te-no_0075.jpg,0
Tr-no_1414 2.jpg,0
y0003 2.jpg,1
Te-no_0061.jpg,0
y323 2.jpg,1
Tr-no_0451 2.jpg,0
y359.jpg,1
Tr-no_0080 2.jpg,0
y366 2.jpg,1
Tr-no_0414 2.jpg,0
Tr-no_0886 2.jpg,0
Tr-no_0970.jpg,0
N3.jpg,0
Tr-no_0743.jpg,0
Tr-no_0038 2.jpg,0
y47 2.jpg,1
Tr-no_0025.jpg,0
Tr-no_0031.jpg,0
Tr-noTr_0002.jpg,0
Tr-no_1038 2.jpg,0
Tr-no_1449.jpg,0
Tr-no_0757.jpg,0
Tr-no_1381 2.jpg,0
Tr-no_1461.jpg,0
y000637.jpg,1
y00015 2.jpg,1
Tr-no_0019.jpg,0
Tr-no_1307.jpg,0
Tr-no_0381 2.jpg,0
Tr-no_0750 2.jpg,0
Tr-no_1313.jpg,0
Tr-no_1475.jpg,0
y000623.jpg,1
Tr-no_0715 2.jpg,0
Tr-no_1125 2.jpg,0
y173.jpg,1
Tr-no_0582.jpg,0
Tr-no_1160 2.jpg,0
y286 2.jpg,1
Tr-no_0966 2.jpg,0
Tr-no_0596.jpg,0
Tr-no_0125 2.jpg,0
Tr-no_0923 2.jpg,0
Tr-no_0160 2.jpg,0
Te-no_0277.jpg,0
Tr-no_0608 2.jpg,0
27 no.jpg,0
Te-no_0263.jpg,0
Tr-no_1139.jpg,0
Te-no_0288.jpg,0
Tr-no_0227.jpg,0
Tr-no_1224 2.jpg,0
Tr-no_1261 2.jpg,0
Tr-no_0541.jpg,0
Tr-no_0224 2.jpg,0
Tr-no_0555.jpg,0
y000504 2.jpg,1
y187 2.jpg,1
Tr-no_0261 2.jpg,0
Tr-no_0233.jpg,0
Tr-no_1105.jpg,0
Tr-no_0509 2.jpg,0
Tr-no_0569.jpg,0
Tr-no_1509 2.jpg,0
Tr-no_1111.jpg,0
y198.jpg,1
Tr-no_0390.jpg,0
Tr-no_1219 2.jpg,0
y761.jpg,1
y775.jpg,1
Tr-no_0384.jpg,0
Tr-no_0219 2.jpg,0
Te-no_0303.jpg,0
y246 2.jpg,1
Tr-no_0534 2.jpg,0
y203 2.jpg,1
Tr-no_0571 2.jpg,0
y000582.jpg,1
y000596.jpg,1
y749.jpg,1
Tr-no_1534 2.jpg,0
Te-no_0317.jpg,0
Tr-no_1571 2.jpg,0
Tr-no_0353.jpg,0
Tr-no_1118 2.jpg,0
Tr-no_0435.jpg,0
y000569.jpg,1
Tr-no_0421.jpg,0
Tr-no_0118 2.jpg,0
Tr-no_0347.jpg,0
Tr-no_1059.jpg,0
Tr-no_0635 2.jpg,0
y147 2.jpg,1
Tr-no_1071.jpg,0
Tr-no_0409.jpg,0
y000541.jpg,1
Tr-no_0670 2.jpg,0
Y102 2.jpg,1
y000555.jpg,1
Tr-no_1065.jpg,0
Tr-no_0491 2.jpg,0
Tr-no_0040 2.jpg,0
Tr-no_0803 2.jpg,0
Tr-no_0192.jpg,0
37 no 2.jpg,0
Tr-no_0846 2.jpg,0
y205.jpg,1
Tr-no_1040 2.jpg,0
y211.jpg,1
Tr-no_0186.jpg,0
Tr-no_1298.jpg,0
Te-no_0129.jpg,0
Tr-no_1491 2.jpg,0
Tr-no_1005 2.jpg,0
Tr-no_0838.jpg,0
36 no 2.jpg,0
Tr-no_0810.jpg,0
y00054.jpg,1
y00028 2.jpg,1
35 no.jpg,0
y239.jpg,1
Te-no_0101.jpg,0
Tr-no_0728 2.jpg,0
Te-no_0115.jpg,0
y88.jpg,1
Tr-no_0804.jpg,0
Tr-no_0637.jpg,0
Tr-no_1529.jpg,0
Tr-no_0341 2.jpg,0
y433 2.jpg,1
Tr-no_0790 2.jpg,0
Tr-no_0304 2.jpg,0
y476 2.jpg,1
y63.jpg,1
Tr-no_0151.jpg,0
Tr-no_0145.jpg,0
Tr-no_1341 2.jpg,0
Y77.jpg,1
y00090 2.jpg,1
Tr-no_0623.jpg,0
Tr-no_1304 2.jpg,0
Tr-no_1429 2.jpg,0
Tr-no_1515.jpg,0
48 no.jpg,0
Tr-no_1273.jpg,0
y87 2.jpg,1
Tr-no_1267.jpg,0
Tr-no_0179.jpg,0
Tr-no_0429 2.jpg,0
Tr-no_1501.jpg,0
Tr-no_0178.jpg,0
Tr-no_1266.jpg,0
y163 2.jpg,1
Tr-no_0611 2.jpg,0
Tr-no_0285 2.jpg,0
y00082.jpg,1
y126 2.jpg,1
Tr-no_0654 2.jpg,0
Tr-no_1500.jpg,0
Tr-no_1514.jpg,0
y00096.jpg,1
Tr-no_1272.jpg,0
Tr-no_1285 2.jpg,0
Y76.jpg,1
Tr-no_1179 2.jpg,0
Tr-no_0144.jpg,0
Tr-no_0622.jpg,0
Tr-no_0179 2.jpg,0
Tr-no_1528.jpg,0
Tr-no_0636.jpg,0
Tr-no_0150.jpg,0
Y62.jpg,1
y89.jpg,1
Tr-no_0510 2.jpg,0
y262 2.jpg,1
Te-no_0114.jpg,0
Tr-no_0982 2.jpg,0
Tr-no_0805.jpg,0
Tr-no_0555 2.jpg,0
y227 2.jpg,1
y00041.jpg,1
Tr-no_0184 2.jpg,0
y00055.jpg,1
Y9 2.jpg,1
Tr-no_0811.jpg,0
Tr-no_1510 2.jpg,0
Te-no_0100.jpg,0
Tr-no_1184 2.jpg,0
y238.jpg,1
Tr-no_1555 2.jpg,0
Tr-no_1299.jpg,0
Te-no_0128.jpg,0
Tr-no_1278 2.jpg,0
Tr-no_0187.jpg,0
y210.jpg,1
Tr-no_0839.jpg,0
y00069.jpg,1
Tr-no_0278 2.jpg,0
y204.jpg,1
Tr-no_0193.jpg,0
y000554.jpg,1
40 no 2.jpg,0
Tr-no_1448 2.jpg,0
Tr-no_1099 2.jpg,0
Tr-no_1064.jpg,0
no 5 2.jpg,0
Tr-no_1070.jpg,0
41 no 2.jpg,0
Tr-no_0099 2.jpg,0
y000540.jpg,1
Tr-no_0408.jpg,0
Tr-no_0448 2.jpg,0
y417 2.jpg,1
Tr-no_0365 2.jpg,0
Tr-no_0420.jpg,0
y000568.jpg,1
Tr-no_1058.jpg,0
y452 2.jpg,1
Tr-no_0346.jpg,0
Tr-no_0320 2.jpg,0
Tr-no_0352.jpg,0
Tr-no_1365 2.jpg,0
Tr-no_0434.jpg,0
Tr-no_1320 2.jpg,0
y748.jpg,1
y000597.jpg,1
Tr-no_1398 2.jpg,0
Te-no_0316.jpg,0
Te-no_0302.jpg,0
Tr-no_0749 2.jpg,0
y000583.jpg,1
Tr-no_0398 2.jpg,0
y774.jpg,1
Tr-no_0064 2.jpg,0
Tr-no_0827 2.jpg,0
y382 2.jpg,1
Tr-no_0385.jpg,0
Tr-no_0021 2.jpg,0
Tr-no_0862 2.jpg,0
Tr-no_0391.jpg,0
Tr-no_1064 2.jpg,0
y760.jpg,1
Tr-no_1021 2.jpg,0
Tr-no_0568.jpg,0
y00031 2.jpg,1
y199.jpg,1
Tr-no_1110.jpg,0
y00074 2.jpg,1
Tr-no_1104.jpg,0
Tr-no_0774 2.jpg,0
y492 2.jpg,1
Tr-no_0731 2.jpg,0
y63 2.jpg,1
Tr-no_0554.jpg,0
Tr-no_0232.jpg,0
Y26 2.jpg,1
Tr-no_0059 2.jpg,0
Tr-no_0488 2.jpg,0
Tr-no_0226.jpg,0
Tr-no_1138.jpg,0
Te-no_0289.jpg,0
Tr-no_1488 2.jpg,0
Tr-no_0540.jpg,0
Tr-no_1059 2.jpg,0
Tr-no_1475 2.jpg,0
Te-no_0262.jpg,0
Tr-no_1430 2.jpg,0
Tr-no_0475 2.jpg,0
y307 2.jpg,1
Te-no_0276.jpg,0
Tr-no_0430 2.jpg,0
y342 2.jpg,1
Tr-no_0597.jpg,0
Tr-no_0789 2.jpg,0
Tr-no_0358 2.jpg,0
y172.jpg,1
Tr-no_1358 2.jpg,0
Tr-no_0583.jpg,0
Tr-no_1312.jpg,0
Tr-no_0568 2.jpg,0
y000622.jpg,1
Tr-no_1474.jpg,0
y000636.jpg,1
Tr-no_1568 2.jpg,0
Tr-no_1460.jpg,0
11 no.jpg,0
Tr-no_1306.jpg,0
Tr-no_0018.jpg,0
Tr-noTr_0003.jpg,0
Tr-no_1200 2.jpg,0
Tr-no_0030.jpg,0
Tr-no_0756.jpg,0
Tr-no_1448.jpg,0
Tr-no_1245 2.jpg,0
Tr-no_0200 2.jpg,0
Tr-no_0742.jpg,0
Tr-no_0245 2.jpg,0
Tr-no_0024.jpg,0
Tr-no_0694 2.jpg,0
Tr-no_0669 2.jpg,0
y358.jpg,1
Te-no_0060.jpg,0
Tr-no_0971.jpg,0
Tr-no_0965.jpg,0
Te-no_0074.jpg,0
Tr-no_1101 2.jpg,0
y364.jpg,1
y402.jpg,1
Tr-no_1144 2.jpg,0
Tr-no_0795.jpg,0
Tr-no_0959.jpg,0
Tr-no_0781.jpg,0
y416.jpg,1
Tr-no_0942 2.jpg,0
Tr-no_0101 2.jpg,0
Tr-no_0595 2.jpg,0
y370.jpg,1
Tr-no_0907 2.jpg,0
Tr-no_0144 2.jpg,0
Te-no_0048.jpg,0
